Allele,Type
DPA1*01:08,DPA02
DPA1*01:11:01,DPA02
DPA1*01:11:02,DPA02
DPA1*01:11:03,DPA02
DPA1*02:45:01,DPA01
DPA1*02:45:02,DPA01
DPA1*02:45:03,DPA01
DPA1*02:54,DPA01
DPA1*02:67,DPA01
DPA1*02:137,DPA01
DPA1*03:01:01:01,DPA01
DPA1*03:01:01:02,DPA01
DPA1*03:01:01:03,DPA01
DPA1*03:01:01:04,DPA01
DPA1*03:01:01:05,DPA01
DPA1*03:01:01:06,DPA01
DPA1*03:01:01:07,DPA01
DPA1*03:01:01:08,DPA01
DPA1*03:01:01:09,DPA01
DPA1*03:01:01:10,DPA01
DPA1*03:01:01:11,DPA01
DPA1*03:01:01:12,DPA01
DPA1*03:01:01:13,DPA01
DPA1*03:01:01:14,DPA01
DPA1*03:01:01:15,DPA01
DPA1*03:01:01:16,DPA01
DPA1*03:01:01:17,DPA01
DPA1*03:01:02:01,DPA01
DPA1*03:01:02:02,DPA01
DPA1*03:01:02:03,DPA01
DPA1*03:01:02:04,DPA01
DPA1*03:01:03,DPA01
DPA1*03:01:04,DPA01
DPA1*03:02,DPA01
DPA1*03:03,DPA01
DPA1*03:04,DPA02
DPA1*03:06:01,DPA01
DPA1*03:06:02,DPA01
DPA1*03:06:03,DPA01
DPA1*03:07:01,DPA01
DPA1*03:07:02,DPA01
DPA1*03:08,DPA01
DPA1*03:09,DPA01
DPA1*03:12,DPA01
DPA1*03:13,DPA01
DPA1*03:14,DPA01
DPA1*03:15,DPA01
DPA1*03:16,DPA01
DPA1*03:17,DPA01
DPA1*03:18,DPA01
DPA1*03:21,DPA01
DPA1*03:22,DPA01
DPA1*03:23,DPA01
DPA1*04:01:01:01,DPA02
DPA1*04:01:01:02,DPA02
DPA1*04:01:01:03,DPA02
DPA1*04:01:02,DPA02
DPA1*04:02:01:01,DPA02
DPA1*04:02:01:02,DPA02
DPA1*04:03,DPA02
DPA1*04:04,DPA02
DPA1*04:05,DPA02
DPA1*04:06,DPA02
DPA1*04:07,DPA02
DPA1*04:08,DPA02
