HLA-B Allele Summary a,
Allele,Highest Frequency c
B*07:02 total,C
B*07:02,C
B*07:02P,I
B*07:02:01G total,C
B*07:02:01G,C
B*07:02:01,C
B*07:02:01:01,C
B*07:02:01:02,
B*07:02:01:04,WD
B*07:02:01:07,WD
B*07:02:06,WD
B*07:02:45,WD
B*07:44N,
B*07:59,
B*07:61,
B*07:120,WD
B*07:129,
B*07:282,
B*07:02:02,WD
B*07:02:03,I
B*07:02:04,C
B*07:02:05,WD
B*07:02:07,WD
B*07:02:08,WD
B*07:02:10,WD
B*07:02:11,
B*07:02:12,
B*07:02:13,WD
B*07:02:14,WD
B*07:02:15,
B*07:02:16,
B*07:02:17,WD
B*07:02:18,
B*07:02:19,
B*07:02:20,
B*07:02:21,WD
B*07:02:22,
B*07:02:23,WD
B*07:02:24,
B*07:02:27,WD
B*07:02:28,WD
B*07:02:29,
B*07:02:30,
B*07:02:33,
B*07:02:34,
B*07:02:35,
B*07:02:36,
B*07:02:37,
B*07:02:42,
B*07:02:43,WD
B*07:02:46,
B*07:02:48,
B*07:252,WD
B*07:03,I
B*07:04,C
B*07:05 total,C
B*07:05,I
B*07:05P,I
B*07:05:01G total,C
B*07:05:01G,C
B*07:05:01,C
B*07:05:01:01,C
B*07:05:01:04,
B*07:06:01,C
B*07:05:02,WD
B*07:05:05,
B*07:05:07,
B*07:05:08,WD
B*07:06 total,C
B*07:06,C
B*07:06:02,WD
B*07:07,I
B*07:08 total,WD
B*07:08,WD
B*07:08:01,WD
B*07:09,C
B*07:10,C
B*07:12,C
B*07:13,WD
B*07:14,C
B*07:15,I
B*07:16,WD
B*07:17,WD
B*07:18 total,I
B*07:18,
B*07:18:01,I
B*07:18:02,
B*07:19,WD
B*07:20,I
B*07:21,
B*07:22 total,I
B*07:22,WD
B*07:22:01,I
B*07:22:02,WD
B*07:23,WD
B*07:24,WD
B*07:26,I
B*07:27,
B*07:28,
B*07:29,WD
B*07:30,
B*07:31,WD
B*07:33 total,WD
B*07:33,WD
B*07:33:01,WD
B*07:33:02,WD
B*07:33:03,
B*07:36,WD
B*07:37 total,I
B*07:37:01G total,I
B*07:37,I
B*07:38,WD
B*07:39,
B*07:42,WD
B*07:43,
B*07:46,I
B*07:47,I
B*07:48,WD
B*07:51,I
B*07:52,
B*07:53,WD
B*07:54,
B*07:55,
B*07:56 total,WD
B*07:56,
B*07:56:01,
B*07:56:02,WD
B*07:57,WD
B*07:62,WD
B*07:63,WD
B*07:64,
B*07:66,
B*07:67N,WD
B*07:68 total,WD
B*07:68,WD
B*07:68:01,WD
B*07:68:02,WD
B*07:68:03,WD
B*07:70,
B*07:71,WD
B*07:72,
B*07:73,WD
B*07:74,WD
B*07:76,
B*07:77,WD
B*07:80,WD
B*07:81,WD
B*07:82,
B*07:85,WD
B*07:86,WD
B*07:87,WD
B*07:88,WD
B*07:89,
B*07:90,
B*07:91,
B*07:92,WD
B*07:93,
B*07:94,WD
B*07:95,WD
B*07:96 total,WD
B*07:96:01,WD
B*07:97,
B*07:98,WD
B*07:99,
B*07:101,
B*07:102,WD
B*07:103,WD
B*07:104,WD
B*07:105,WD
B*07:106,WD
B*07:108,
B*07:109,WD
B*07:110,WD
B*07:111N,
B*07:112,WD
B*07:113,WD
B*07:114,
B*07:117,
B*07:118,
B*07:122,WD
B*07:123,
B*07:125,
B*07:126,
B*07:127,
B*07:131,WD
B*07:132,WD
B*07:133,
B*07:136 total,WD
B*07:136,WD
B*07:136:01,WD
B*07:136:02,
B*07:143,WD
B*07:145,
B*07:147,
B*07:148,
B*07:149,
B*07:151 total,WD
B*07:151,WD
B*07:151:01,WD
B*07:153,
B*07:154,
B*07:157,
B*07:158,WD
B*07:160,
B*07:163,
B*07:165,WD
B*07:167N,
B*07:170,
B*07:171,
B*07:172,
B*07:174,
B*07:175,
B*07:176,
B*07:177,
B*07:179,
B*07:181N,WD
B*07:182N,
B*07:187,
B*07:188,WD
B*07:189,
B*07:193,WD
B*07:195,
B*07:197,
B*07:205,
B*07:206,WD
B*07:208,WD
B*07:210,
B*07:211,
B*07:213,
B*07:216,
B*07:217,
B*07:218,
B*07:220,
B*07:221,
B*07:222,WD
B*07:226,
B*07:231N,
B*07:235,
B*07:237,WD
B*07:238,
B*07:239,
B*07:243,
B*07:245,
B*07:246,
B*07:247,
B*07:255,
B*07:258,
B*07:261,
B*07:262,
B*07:264,
B*07:270,
B*07:276 total,
B*07:276:01,
B*07:276:02,
B*07:281,
B*07:287,
B*07:CODE d,N/A
B*08:01 total,C
B*08:01,C
B*08:01P,I
B*08:01:01G total,C
B*08:01:01G,C
B*08:01:01,C
B*08:01:01:01,C
B*08:01:01:02,C
B*08:01:01:05,
B*08:01:14,
B*08:01:20,WD
B*08:01:02,C
B*08:01:03,WD
B*08:01:04,I
B*08:01:05,WD
B*08:01:06,WD
B*08:01:07,WD
B*08:01:08,WD
B*08:01:10,
B*08:01:11,
B*08:01:12,
B*08:01:13,WD
B*08:01:15,
B*08:01:16,
B*08:01:17,WD
B*08:01:18,
B*08:01:19,
B*08:01:21,
B*08:01:22,
B*08:01:23,
B*08:01:24,
B*08:01:25,
B*08:01:29,
B*08:01:30,
B*08:01:32,
B*08:02,WD
B*08:03,WD
B*08:04 total,I
B*08:04,I
B*08:04:01,WD
B*08:07,WD
B*08:09,I
B*08:11,WD
B*08:12 total,C
B*08:12,WD
B*08:12:01,C
B*08:12:03,
B*08:13,WD
B*08:14,WD
B*08:15,WD
B*08:16,WD
B*08:17,
B*08:18,I
B*08:20,WD
B*08:21,
B*08:22,WD
B*08:23,WD
B*08:24,I
B*08:25,WD
B*08:26 total,WD
B*08:26,
B*08:26:01,WD
B*08:27,
B*08:28,WD
B*08:30N,
B*08:31,WD
B*08:33,I
B*08:34,WD
B*08:35,WD
B*08:36,WD
B*08:37,WD
B*08:39,WD
B*08:41,WD
B*08:43,
B*08:47,
B*08:48,
B*08:50,WD
B*08:51,
B*08:52,WD
B*08:53 total,
B*08:53,
B*08:56 total,WD
B*08:56,
B*08:56:01,
B*08:56:02,
B*08:58,
B*08:59 total,I
B*08:59,
B*08:59:01,I
B*08:59:02,
B*08:61,
B*08:62,
B*08:63,WD
B*08:64,
B*08:65,
B*08:68,
B*08:69,
B*08:71,WD
B*08:72N,
B*08:75,WD
B*08:77,
B*08:78,WD
B*08:81,
B*08:86N,
B*08:87,
B*08:88,WD
B*08:89,
B*08:91,
B*08:92,
B*08:96,
B*08:97,WD
B*08:98,
B*08:102,
B*08:103,
B*08:104,WD
B*08:108,
B*08:110,WD
B*08:111,
B*08:112,
B*08:113,
B*08:117,
B*08:118,
B*08:119,
B*08:122,
B*08:124,
B*08:129,
B*08:132,
B*08:135,
B*08:136,
B*08:137,
B*08:138,
B*08:145,
B*08:149,
B*08:150,
B*08:162,
B*08:165,
B*08:CODE,N/A
B*13:01 total,C
B*13:01,C
B*13:01P,WD
B*13:01:01G total,C
B*13:01:01G,C
B*13:01:01,C
B*13:01:02,
B*13:01:10,WD
B*13:02 total,C
B*13:02,C
B*13:02P,I
B*13:02:01G total,C
B*13:02:01G,C
B*13:02:01,C
B*13:02:01:01,C
B*13:02:01:03,
B*13:38,
B*13:02:02,WD
B*13:02:03,
B*13:02:04,WD
B*13:02:06,
B*13:02:07,
B*13:02:08,
B*13:02:10,
B*13:02:11,WD
B*13:02:13,
B*13:02:14,
B*13:02:15,
B*13:02:17,
B*13:02:19,
B*13:03,WD
B*13:04,WD
B*13:06,WD
B*13:08,WD
B*13:10,WD
B*13:11,WD
B*13:12 total,I
B*13:12,WD
B*13:12:01,WD
B*13:12:02,
B*13:13 total,
B*13:13:01,
B*13:14,WD
B*13:15,
B*13:16,
B*13:22 total,
B*13:22:01,
B*13:31,
B*13:33,
B*13:42,
B*13:45,WD
B*13:46,
B*13:47,WD
B*13:50,
B*13:51,
B*13:53,
B*13:55,
B*13:56N total,
B*13:56:01N,
B*13:57,WD
B*13:59,
B*13:66,
B*13:70,
B*13:74,
B*13:77,
B*13:78,
B*13:79,
B*13:81,
B*13:84,
B*13:86,
B*13:98,
B*13:CODE,N/A
B*14:01 total,C
B*14:01,C
B*14:01P,WD
B*14:01:01G total,C
B*14:01:01G,C
B*14:01:01,C
B*14:01:01:01,C
B*14:01:01:02,
B*14:01:03,
B*14:01:04,
B*14:02 total,C
B*14:02,C
B*14:02P,WD
B*14:02:01G total,C
B*14:02:01G,C
B*14:02:01,C
B*14:02:01:01,C
B*14:02:01:02,I
B*14:02:01:03,C
B*14:02:02,C
B*14:02:03,WD
B*14:02:04,
B*14:02:05,
B*14:02:13,
B*14:02:15,
B*14:03,C
B*14:05,C
B*14:06 total,WD
B*14:06,WD
B*14:06:01,WD
B*14:06:02,WD
B*14:07N,WD
B*14:08 total,WD
B*14:08,
B*14:08:01,WD
B*14:09,WD
B*14:10,WD
B*14:12,
B*14:13,
B*14:14,
B*14:17,
B*14:18,
B*14:19,WD
B*14:20,WD
B*14:22,
B*14:23,WD
B*14:24,
B*14:26,
B*14:27,
B*14:29,WD
B*14:31,
B*14:32,WD
B*14:34,
B*14:35,
B*14:36,
B*14:38,
B*14:45,
B*14:47,
B*14:48,
B*14:53,
B*14:56,
B*14:CODE,N/A
B*15:01 total,C
B*15:01,C
B*15:01P,I
B*15:01:01G total,C
B*15:01:01G,C
B*15:01:01,C
B*15:01:01:01,C
B*15:01N total,WD
B*15:01:01:02N,WD
B*15:01:01:03,WD
B*15:01:01:04,C
B*15:01:01:05,WD
B*15:01:01:06,I
B*15:01:01:07,
B*15:01:01:08,
B*15:01:01:09,WD
B*15:01:01:11,WD
B*15:01:01:12,
B*15:01:06,WD
B*15:01:07,WD
B*15:102,
B*15:146,I
B*15:228,WD
B*15:01:02,C
B*15:01:03,WD
B*15:01:04,WD
B*15:01:08,WD
B*15:01:09,
B*15:01:10,WD
B*15:01:11,
B*15:01:12,WD
B*15:01:13,
B*15:01:14,WD
B*15:01:15,WD
B*15:01:16,WD
B*15:01:19,
B*15:01:21,WD
B*15:01:24,
B*15:01:25,
B*15:01:27,
B*15:01:31,WD
B*15:01:32,
B*15:01:33,
B*15:01:35,
B*15:01:36,
B*15:02 total,C
B*15:02,C
B*15:02P,
B*15:02:01G total,C
B*15:02:01G,C
B*15:02:01,C
B*15:02:03,
B*15:02:04,
B*15:03 total,C
B*15:03,WD
B*15:03P,WD
B*15:03:01G total,C
B*15:03:01G,C
B*15:03:01,C
B*15:03:01:01,WD
B*15:03:01:02,C
B*15:103,
B*15:220,C
B*15:03:02,
B*15:03:03,WD
B*15:03:04,WD
B*15:03:05,
B*15:04 total,C
B*15:04,C
B*15:04P,
B*15:04:01G total,C
B*15:04:01G,C
B*15:04:01,C
B*15:04:01:01,I
B*15:04:01:02,C
B*15:04:04,WD
B*15:04:02,
B*15:05 total,C
B*15:05,C
B*15:05P,
B*15:05:01,C
B*15:05:02,WD
B*15:05:03,
B*15:06,C
B*15:07 total,C
B*15:07,C
B*15:07P,
B*15:07:01G total,C
B*15:07:01G,C
B*15:07:01,C
B*15:07:01:01,WD
B*15:07:01:02,I
B*15:07:03,
B*15:08 total,C
B*15:08,C
B*15:08P,
B*15:08:01,C
B*15:09 total,C
B*15:09:01G total,C
B*15:09,C
B*15:09P,
B*15:09:01G,I
B*15:09:01,WD
B*15:10 total,C
B*15:10,C
B*15:10P,WD
B*15:10:01,C
B*15:10:02,WD
B*15:11 total,C
B*15:11,C
B*15:11P,
B*15:11:01G total,C
B*15:11:01G,C
B*15:11:01,C
B*15:367,
B*15:12 total,C
B*15:12:01G total,C
B*15:12,C
B*15:12:01G,C
B*15:19,I
B*15:13 total,C
B*15:13,C
B*15:13:01,C
B*15:13:02,
B*15:14,WD
B*15:15,C
B*15:16 total,C
B*15:16,C
B*15:16P,
B*15:16:01G total,C
B*15:16:01G,C
B*15:16:01,C
B*15:16:01:01,
B*15:16:01:02,C
B*15:16:02,WD
B*15:16:03,
B*15:17 total,C
B*15:17,C
B*15:17P,WD
B*15:17:01G total,C
B*15:17:01G,C
B*15:17:01,C
B*15:17:01:01,C
B*15:17:01:02,WD
B*15:17:02,I
B*15:17:04,
B*15:18 total,C
B*15:18,C
B*15:18P,WD
B*15:18:01G total,C
B*15:18:01G,C
B*15:18:01,C
B*15:18:01:02,WD
B*15:18:01:03,I
B*15:198,
B*15:380N,
B*15:388,
B*15:18:02,
B*15:18:03,
B*15:20 total,C
B*15:20,C
B*15:21 total,C
B*15:21:01G total,C
B*15:21,C
B*15:21:01G,I
B*15:23,I
B*15:24 total,C
B*15:24,I
B*15:24P,
B*15:24:01,C
B*15:24:02,
B*15:25 total,C
B*15:25,C
B*15:25:01G total,C
B*15:25:01G,C
B*15:25:01,C
B*15:271,
B*15:25:02,
B*15:27 total,C
B*15:27,I
B*15:27:01,C
B*15:27:02,I
B*15:27:03,
B*15:28 total,
B*15:28:01G total,
B*15:28,
B*15:29,C
B*15:30 total,C
B*15:30:01G total,C
B*15:30,C
B*15:31,C
B*15:32 total,C
B*15:32,C
B*15:32:01,C
B*15:33,C
B*15:34,I
B*15:35,C
B*15:36,
B*15:37,C
B*15:38 total,C
B*15:38,I
B*15:38:01,C
B*15:39 total,C
B*15:39,I
B*15:39P,
B*15:39:01,C
B*15:39:02,WD
B*15:40 total,C
B*15:40,C
B*15:40:01,C
B*15:42,WD
B*15:43,
B*15:44,I
B*15:45,I
B*15:46,I
B*15:47 total,C
B*15:47,I
B*15:47:01,C
B*15:47:02,
B*15:48,C
B*15:50,
B*15:51,
B*15:52,C
B*15:53,WD
B*15:54,C
B*15:55,I
B*15:56,WD
B*15:57,WD
B*15:58,I
B*15:61,
B*15:62,WD
B*15:63,C
B*15:64 total,I
B*15:64,WD
B*15:64:01,I
B*15:64:02,
B*15:65,WD
B*15:66,
B*15:67,WD
B*15:68,
B*15:69,WD
B*15:70,WD
B*15:71,I
B*15:72,WD
B*15:73,I
B*15:75,C
B*15:76,WD
B*15:78 total,WD
B*15:78,
B*15:78:01,WD
B*15:78:02,
B*15:79N,WD
B*15:80,WD
B*15:82,I
B*15:83,WD
B*15:85,
B*15:86,
B*15:87,WD
B*15:88,WD
B*15:89,WD
B*15:95,
B*15:96,WD
B*15:97,
B*15:98,WD
B*15:99,
B*15:106,WD
B*15:107,
B*15:108,WD
B*15:109,
B*15:110,I
B*15:113,I
B*15:117,WD
B*15:120,
B*15:122,WD
B*15:123 total,WD
B*15:123:01G total,WD
B*15:123:01G,WD
B*15:151,
B*15:125,I
B*15:128,WD
B*15:131,
B*15:132,WD
B*15:133,
B*15:135,I
B*15:141,I
B*15:142,WD
B*15:145,
B*15:147,WD
B*15:150,I
B*15:153,WD
B*15:154,WD
B*15:155,
B*15:156,
B*15:157,WD
B*15:158,WD
B*15:159,WD
B*15:160,WD
B*15:161,
B*15:162,I
B*15:163,
B*15:164,WD
B*15:167,WD
B*15:170,I
B*15:171,
B*15:172,WD
B*15:173,WD
B*15:174,WD
B*15:175,WD
B*15:176,
B*15:178,
B*15:180,
B*15:181N,WD
B*15:183,WD
B*15:184,
B*15:185,
B*15:190N,WD
B*15:192,
B*15:194,
B*15:204,WD
B*15:206,
B*15:207,WD
B*15:208,WD
B*15:210,
B*15:211,WD
B*15:212,
B*15:217,
B*15:218Q,
B*15:222,
B*15:229,
B*15:232,
B*15:233,
B*15:235,
B*15:236,
B*15:237,WD
B*15:238,
B*15:239,WD
B*15:240,I
B*15:242 total,
B*15:242,
B*15:248,WD
B*15:251,
B*15:252,
B*15:254,
B*15:256,
B*15:264,
B*15:266,
B*15:272N,
B*15:275 total,
B*15:275,
B*15:276,
B*15:277,
B*15:278,
B*15:279,
B*15:280,
B*15:282,
B*15:285,
B*15:287,
B*15:288,
B*15:290,I
B*15:293,
B*15:309,
B*15:310,
B*15:312,
B*15:313,
B*15:315,
B*15:317,
B*15:319,WD
B*15:323,
B*15:324,
B*15:325,
B*15:328,
B*15:329,
B*15:330,
B*15:331,
B*15:332,
B*15:335,WD
B*15:337,
B*15:341,
B*15:342,
B*15:343,
B*15:345,
B*15:346,
B*15:347,
B*15:357,
B*15:360,
B*15:361,
B*15:362,
B*15:363 total,
B*15:363:02,
B*15:364,
B*15:366,
B*15:369,
B*15:376,
B*15:377Q,
B*15:378,
B*15:387,
B*15:390,
B*15:391,
B*15:392,
B*15:395,
B*15:406,
B*15:417,
B*15:434,
B*15:CODE,N/A
B*18:01 total,C
B*18:01,C
B*18:01P,C
B*18:01:01G total,C
B*18:01:01G,C
B*18:01:01,C
B*18:01:01:01,C
B*18:01:01:02,C
B*18:01:01:03,C
B*18:01:01:04,WD
B*18:01:01:05,WD
B*18:01:01:06,
B*18:01:03,I
B*18:01:25,
B*18:131 total,
B*18:131,
B*18:01:02,I
B*18:01:05,WD
B*18:01:06,I
B*18:01:07,
B*18:01:08,WD
B*18:01:09,WD
B*18:01:10,WD
B*18:01:11,
B*18:01:12,WD
B*18:01:13,
B*18:01:16,
B*18:01:20,
B*18:01:23,
B*18:02,C
B*18:03,C
B*18:04 total,C
B*18:04,C
B*18:04:01,WD
B*18:05 total,C
B*18:05:01G total,C
B*18:05,C
B*18:06,I
B*18:07 total,I
B*18:07,WD
B*18:07:01,I
B*18:07:02,WD
B*18:08,WD
B*18:09,WD
B*18:10,WD
B*18:11,WD
B*18:12 total,WD
B*18:12,WD
B*18:12:01,WD
B*18:13,I
B*18:14,I
B*18:15,WD
B*18:18 total,I
B*18:18:01G total,I
B*18:18,I
B*18:19,WD
B*18:20,WD
B*18:22,WD
B*18:25,C
B*18:26,
B*18:27,
B*18:28,WD
B*18:30,WD
B*18:31,
B*18:32,WD
B*18:33,WD
B*18:34,WD
B*18:35,
B*18:36,WD
B*18:37 total,WD
B*18:37,WD
B*18:39,
B*18:40,WD
B*18:43,WD
B*18:44 total,WD
B*18:44,
B*18:44:01,WD
B*18:45,
B*18:47,
B*18:49,WD
B*18:50,
B*18:52,
B*18:54,
B*18:60,WD
B*18:63,
B*18:65,
B*18:67,
B*18:68,WD
B*18:69,WD
B*18:72 total,
B*18:72:02,
B*18:72:03,
B*18:73,WD
B*18:75,
B*18:76,
B*18:79,
B*18:82,
B*18:85,
B*18:87,
B*18:91,
B*18:92,
B*18:93,
B*18:94N,
B*18:95,WD
B*18:98,
B*18:102,
B*18:104,
B*18:106,
B*18:111,
B*18:113,
B*18:114,WD
B*18:116,
B*18:117,
B*18:CODE,N/A
B*27:01,I
B*27:02 total,C
B*27:02,C
B*27:02P,WD
B*27:02:01G total,C
B*27:02:01G,C
B*27:02:01,C
B*27:02:01:01,I
B*27:02:01:02,
B*27:02:02,
B*27:03,C
B*27:04 total,C
B*27:04,WD
B*27:04P,
B*27:04:01G total,C
B*27:04:01G,C
B*27:04:01,C
B*27:04:03,I
B*27:112,
B*27:05 total,C
B*27:05,C
B*27:05P,I
B*27:05:02G total,C
B*27:05:02G,C
B*27:05:02,C
B*27:05:02:01,C
B*27:05:02:02,
B*27:05:02:05,
B*27:05:04,WD
B*27:13,WD
B*27:05:03,C
B*27:05:05,I
B*27:05:07,WD
B*27:05:08,WD
B*27:05:09,WD
B*27:05:10,WD
B*27:05:15,
B*27:05:18,WD
B*27:05:20,
B*27:05:21,WD
B*27:05:22,
B*27:05:23,WD
B*27:05:24,
B*27:05:25,
B*27:05:26,
B*27:05:27,
B*27:05:30,
B*27:06,C
B*27:07 total,C
B*27:07,C
B*27:07P,
B*27:07:01G total,C
B*27:07:01G,C
B*27:07:01,C
B*27:07:03,
B*27:07:04,
B*27:08,C
B*27:09,C
B*27:10,I
B*27:11,
B*27:12 total,C
B*27:12:01G total,C
B*27:12,C
B*27:14,C
B*27:15,I
B*27:16,
B*27:17,WD
B*27:18,WD
B*27:19,WD
B*27:20,I
B*27:23,WD
B*27:24,WD
B*27:25,WD
B*27:26,WD
B*27:27,I
B*27:30,WD
B*27:32,WD
B*27:34,WD
B*27:35,WD
B*27:36,
B*27:37,
B*27:39,
B*27:41,WD
B*27:42,WD
B*27:43,WD
B*27:45,
B*27:46,WD
B*27:47,WD
B*27:48,WD
B*27:49,WD
B*27:50 total,
B*27:50,
B*27:50:02,
B*27:51,I
B*27:52,
B*27:53,WD
B*27:54,
B*27:56,WD
B*27:58,
B*27:60,WD
B*27:61,WD
B*27:65N,
B*27:70,WD
B*27:72,
B*27:73,WD
B*27:74,
B*27:75,
B*27:76,
B*27:78,
B*27:80,WD
B*27:81,
B*27:82,WD
B*27:83,WD
B*27:84,WD
B*27:85,WD
B*27:86,
B*27:88,
B*27:90 total,WD
B*27:90,
B*27:90:01,
B*27:90:02,
B*27:90:03,
B*27:91,
B*27:94N,
B*27:95,
B*27:99,
B*27:101,
B*27:104,
B*27:108,
B*27:118,
B*27:119,
B*27:120,
B*27:122,
B*27:123,
B*27:127,
B*27:128,
B*27:130,
B*27:132,
B*27:133,
B*27:134,
B*27:135,
B*27:137,
B*27:139,
B*27:140,
B*27:141,
B*27:142,
B*27:148,
B*27:151,
B*27:165,
B*27:CODE,N/A
B*35:01 total,C
B*35:01,C
B*35:01P,C
B*35:01:01G total,C
B*35:01:01G,C
B*35:01:01,C
B*35:01:01:01,WD
B*35:01:01:02,WD
B*35:01:01:05,WD
B*35:01:01:06,WD
B*35:01:01:07,
B*35:01:23,
B*35:01:41,
B*35:42:01,WD
B*35:57,WD
B*35:241,I
B*35:250,
B*35:332,
B*35:01:02,WD
B*35:01:04,WD
B*35:01:05,I
B*35:01:06,WD
B*35:01:07,WD
B*35:01:08,WD
B*35:01:09,
B*35:01:10,
B*35:01:11,WD
B*35:01:14,
B*35:01:17,
B*35:01:19,WD
B*35:01:26,
B*35:01:27,WD
B*35:01:29,WD
B*35:01:31,
B*35:01:34,
B*35:01:38,
B*35:01:42,
B*35:01:44,
B*35:42 total,WD
B*35:42:02,
B*35:02 total,C
B*35:02,C
B*35:02P,I
B*35:02:01G total,C
B*35:02:01G,C
B*35:02:01,C
B*35:02:01:01,
B*35:02:01:02,WD
B*35:02:02,I
B*35:02:03,
B*35:03 total,C
B*35:03,C
B*35:03P,I
B*35:03:01G total,C
B*35:03:01G,C
B*35:03:01,C
B*35:03:01:01,C
B*35:03:01:02,
B*35:03:01:03,C
B*35:03:01:05,WD
B*35:279,
B*35:03:02,WD
B*35:03:03,
B*35:03:05,
B*35:03:07,
B*35:03:08,
B*35:03:09,
B*35:03:10,WD
B*35:03:11,
B*35:03:12,
B*35:03:15,
B*35:03:20,
B*35:03:21,
B*35:04 total,C
B*35:04,C
B*35:04P,
B*35:04:01,C
B*35:04:02,C
B*35:05 total,C
B*35:05,C
B*35:05:01G total,C
B*35:05:01G,C
B*35:05:01,C
B*35:05:01:01,I
B*35:05:01:02,I
B*35:05:01:03,WD
B*35:05:02,
B*35:06,C
B*35:08 total,C
B*35:08,C
B*35:08P,WD
B*35:08:01G total,C
B*35:08:01G,C
B*35:08:01,C
B*35:08:01:01,I
B*35:08:02,WD
B*35:08:03,
B*35:08:05,
B*35:08:07,
B*35:08:08,
B*35:09 total,C
B*35:09,C
B*35:09:01,C
B*35:09:02,I
B*35:09:03,WD
B*35:10,C
B*35:11 total,C
B*35:11,I
B*35:11:01,C
B*35:11:02,WD
B*35:11:03,WD
B*35:12 total,C
B*35:12,C
B*35:12:01,C
B*35:12:02,
B*35:12:03,WD
B*35:12:04,
B*35:13,I
B*35:14 total,C
B*35:14,C
B*35:14:01,C
B*35:14:02,WD
B*35:15 total,I
B*35:15,WD
B*35:15:01,WD
B*35:15:02,
B*35:16,C
B*35:17 total,C
B*35:17,C
B*35:17:01,C
B*35:17:02,
B*35:18,I
B*35:19,C
B*35:20 total,C
B*35:20,C
B*35:20:01,C
B*35:20:02,WD
B*35:21,C
B*35:22,C
B*35:23,C
B*35:24 total,C
B*35:24,I
B*35:24:01,C
B*35:24:02,I
B*35:25,WD
B*35:26,I
B*35:27,I
B*35:28,C
B*35:29 total,I
B*35:29,WD
B*35:29:01,I
B*35:29:02,
B*35:30,C
B*35:31,C
B*35:32 total,WD
B*35:32,WD
B*35:32:01,WD
B*35:33,WD
B*35:34,C
B*35:36,I
B*35:37,WD
B*35:38,WD
B*35:39,
B*35:41,I
B*35:43 total,C
B*35:43:01G total,C
B*35:43,I
B*35:43P,
B*35:43:01G,C
B*35:43:01,C
B*35:79,
B*35:44,I
B*35:45,WD
B*35:46,
B*35:47,I
B*35:48,C
B*35:49,I
B*35:50,
B*35:51,
B*35:55,I
B*35:58,WD
B*35:59 total,WD
B*35:59,WD
B*35:59:01,
B*35:61 total,WD
B*35:61,WD
B*35:61:01,
B*35:61:02,
B*35:62,
B*35:63,
B*35:64 total,
B*35:64,
B*35:65Q,WD
B*35:68 total,I
B*35:68,I
B*35:68:01,WD
B*35:68:02,I
B*35:72,WD
B*35:74,WD
B*35:77,I
B*35:78,
B*35:80,WD
B*35:81,WD
B*35:82,
B*35:84,
B*35:85,
B*35:86,
B*35:87,WD
B*35:90,WD
B*35:91,
B*35:92,
B*35:93,WD
B*35:95,WD
B*35:96,WD
B*35:97,
B*35:98,
B*35:99,
B*35:100,WD
B*35:101 total,
B*35:101:01,
B*35:102,
B*35:103,WD
B*35:104,WD
B*35:105,
B*35:106,WD
B*35:108 total,WD
B*35:108:01,WD
B*35:108:02,
B*35:109,I
B*35:110,
B*35:111,
B*35:112,WD
B*35:113,
B*35:114,
B*35:115,WD
B*35:116,I
B*35:117,
B*35:119,
B*35:120,
B*35:121,I
B*35:122,
B*35:123,WD
B*35:124,
B*35:128,WD
B*35:130N,
B*35:132,I
B*35:136,WD
B*35:137 total,
B*35:137:01G total,
B*35:137:01G,
B*35:138,
B*35:139,WD
B*35:143,
B*35:144,
B*35:148,
B*35:149,
B*35:152,
B*35:155,
B*35:156,
B*35:157,WD
B*35:158,WD
B*35:159,
B*35:162,
B*35:163,WD
B*35:165N,WD
B*35:167,WD
B*35:169,
B*35:170,
B*35:171,
B*35:174,WD
B*35:175,
B*35:178,WD
B*35:180,
B*35:182,
B*35:183,WD
B*35:184,
B*35:189,
B*35:190,
B*35:191,WD
B*35:192,
B*35:193,WD
B*35:194,
B*35:198,
B*35:199,
B*35:200,
B*35:203,
B*35:204,WD
B*35:206,
B*35:208,
B*35:210,
B*35:211,
B*35:212,
B*35:214,WD
B*35:215,
B*35:216N,
B*35:217,
B*35:218,
B*35:219,
B*35:221,
B*35:225,WD
B*35:228,
B*35:232,
B*35:233,
B*35:234,
B*35:235,
B*35:236,
B*35:237,
B*35:238,
B*35:239,
B*35:240,
B*35:242,
B*35:243,
B*35:247,WD
B*35:248,
B*35:252,
B*35:253,
B*35:257,
B*35:259,WD
B*35:260,
B*35:262,
B*35:263,WD
B*35:265,
B*35:266,
B*35:268,
B*35:269,
B*35:274,
B*35:277,
B*35:278,WD
B*35:280,
B*35:281,
B*35:282,
B*35:285,
B*35:287,
B*35:289,
B*35:294,
B*35:295,
B*35:306,
B*35:310,
B*35:311,
B*35:313,
B*35:315,
B*35:316,
B*35:317,
B*35:320,
B*35:321,WD
B*35:324,
B*35:326,
B*35:337,
B*35:CODE,N/A
B*37:01 total,C
B*37:01,I
B*37:01P,I
B*37:01:01G total,C
B*37:01:01G,C
B*37:01:01,C
B*37:01:01:01,
B*37:01:02,WD
B*37:01:03,I
B*37:01:06,WD
B*37:01:07,WD
B*37:01:08,
B*37:01:09,WD
B*37:01:11,
B*37:02,C
B*37:03N,WD
B*37:04 total,C
B*37:04,WD
B*37:04:01,I
B*37:04:02,I
B*37:05,WD
B*37:06 total,
B*37:06,
B*37:06:01,
B*37:07,WD
B*37:09,WD
B*37:10,WD
B*37:11,
B*37:16Q,WD
B*37:17,WD
B*37:18,WD
B*37:19 total,
B*37:19,
B*37:19:02,
B*37:21,WD
B*37:22,WD
B*37:24,
B*37:25,
B*37:27,WD
B*37:33N,
B*37:34,
B*37:35,WD
B*37:39,
B*37:42N,WD
B*37:44,
B*37:48,WD
B*37:49,
B*37:52,
B*37:54,
B*37:65,
B*37:CODE,N/A
B*38:01 total,C
B*38:01,C
B*38:01P,I
B*38:01:01G total,C
B*38:01:01G,C
B*38:01:01,C
B*38:01:01:01,
B*38:01:02,
B*38:01:03,
B*38:01:04,WD
B*38:01:05,
B*38:01:06,WD
B*38:01:07,
B*38:01:08,
B*38:02 total,C
B*38:02,I
B*38:02P,
B*38:02:01G total,C
B*38:02:01G,C
B*38:02:01,C
B*38:02:02,C
B*38:03,I
B*38:04,
B*38:06,WD
B*38:08,
B*38:09,C
B*38:12,WD
B*38:13,WD
B*38:14,I
B*38:15,WD
B*38:17,WD
B*38:19,
B*38:24,I
B*38:25,
B*38:27,WD
B*38:28,
B*38:29,
B*38:31,WD
B*38:32,WD
B*38:33,
B*38:35,I
B*38:36,
B*38:37,WD
B*38:41,
B*38:44,
B*38:45,
B*38:47,
B*38:48,
B*38:56,
B*38:60,
B*38:61,
B*38:64,
B*38:CODE,N/A
B*39:01 total,C
B*39:01,I
B*39:01L total,
B*39:01P,I
B*39:01:01G total,C
B*39:01:01G,C
B*39:01:01,C
B*39:01:01:01,WD
B*39:01:01:02L,
B*39:01:01:03,C
B*39:01:01:04,
B*39:01:01:05,
B*39:01:01:06,
B*39:01:01:07,I
B*39:01:03,I
B*39:01:24,
B*39:01:04,C
B*39:01:05,I
B*39:01:07,
B*39:01:08,
B*39:01:09,
B*39:01:10,WD
B*39:01:12,WD
B*39:01:14,
B*39:01:19,
B*39:01:20,
B*39:02 total,C
B*39:02,C
B*39:02:01,I
B*39:02:02G total,C
B*39:02:02G,C
B*39:02:02,C
B*39:02:02:01,C
B*39:03 total,C
B*39:03:01G total,C
B*39:03,C
B*39:03:01G,C
B*39:03:01,
B*39:04,I
B*39:05 total,C
B*39:05,C
B*39:05:01G total,C
B*39:05:01G,
B*39:05:01,C
B*39:05:02,
B*39:06 total,C
B*39:06,C
B*39:06P,WD
B*39:06:01,C
B*39:06:02G total,C
B*39:06:02G,C
B*39:06:02,C
B*39:06:02:01,I
B*39:06:02:02,C
B*39:06:02:03,I
B*39:06:03,
B*39:07,I
B*39:08,C
B*39:09 total,C
B*39:09,C
B*39:09:01G total,C
B*39:09:01G,C
B*39:09:01,C
B*39:09:01:01,WD
B*39:09:01:02,
B*39:09:01:03,
B*39:09:03,
B*39:10 total,C
B*39:10,C
B*39:10P,
B*39:10:01,C
B*39:11,C
B*39:12,C
B*39:13 total,C
B*39:13,I
B*39:13:01,C
B*39:13:02,WD
B*39:14 total,C
B*39:14:01G total,C
B*39:14,C
B*39:15,C
B*39:19 total,WD
B*39:19,
B*39:19:01,WD
B*39:19:02,WD
B*39:20,C
B*39:22,I
B*39:23,
B*39:24 total,C
B*39:24,I
B*39:24P,
B*39:24:01,C
B*39:24:02,
B*39:26,WD
B*39:28,
B*39:29,WD
B*39:30,
B*39:31 total,C
B*39:31:01G total,C
B*39:31,C
B*39:32,
B*39:33,WD
B*39:34,WD
B*39:35,
B*39:36,
B*39:37,I
B*39:38Q,
B*39:39 total,I
B*39:39,WD
B*39:39:01,I
B*39:40N total,WD
B*39:40N,
B*39:40:01N,
B*39:40:02N,
B*39:43,WD
B*39:47,WD
B*39:49,
B*39:51,
B*39:52,
B*39:53,WD
B*39:54,
B*39:55,
B*39:57,WD
B*39:60,
B*39:61,
B*39:62,WD
B*39:64,
B*39:65,
B*39:68,WD
B*39:69,
B*39:70,
B*39:71,
B*39:74,
B*39:75,WD
B*39:78,
B*39:79,WD
B*39:81,
B*39:82,
B*39:89,
B*39:90,
B*39:91,
B*39:93,WD
B*39:96,
B*39:98,
B*39:101,
B*39:102,
B*39:105,
B*39:106,
B*39:107,
B*39:111,
B*39:113,
B*39:121,
B*39:CODE,N/A
B*40:01 total,C
B*40:01,C
B*40:01P,I
B*40:01:01G total,C
B*40:01:01G,C
B*40:01:01,
B*40:01:02,C
B*40:01:02:01,WD
B*40:01:25,
B*40:01:42,
B*40:01:45,
B*40:01:48,
B*40:55,WD
B*40:150,
B*40:01:03,WD
B*40:01:04,I
B*40:01:05,WD
B*40:01:07,WD
B*40:01:08,
B*40:01:15,
B*40:01:18,WD
B*40:01:20,
B*40:01:21,WD
B*40:01:23,WD
B*40:01:24,WD
B*40:01:27,
B*40:01:32,
B*40:01:40,
B*40:02 total,C
B*40:02,I
B*40:02P,I
B*40:02:01G total,C
B*40:02:01G,C
B*40:02:01,C
B*40:02:01:01,
B*40:97,
B*40:176,I
B*40:303,
B*40:02:05,
B*40:02:06,WD
B*40:02:07,
B*40:02:08,
B*40:02:10,
B*40:02:14,WD
B*40:02:16,WD
B*40:02:17,
B*40:02:21,
B*40:02:22,
B*40:02:23,
B*40:03 total,C
B*40:03:01G total,C
B*40:03,C
B*40:03:01G,C
B*40:04,C
B*40:05 total,C
B*40:05:01G total,C
B*40:05,C
B*40:05:01G,I
B*40:05:01,I
B*40:05:01:01,C
B*40:06 total,C
B*40:06,C
B*40:06P,WD
B*40:06:01G total,C
B*40:06:01G,C
B*40:06:01,C
B*40:06:01:01,C
B*40:06:01:02,C
B*40:06:03,
B*40:06:04,C
B*40:06:09,
B*40:06:12,
B*40:06:14,
B*40:07,WD
B*40:08,C
B*40:09,I
B*40:10 total,C
B*40:10,I
B*40:10:01G total,C
B*40:10:01G,I
B*40:10:01,C
B*40:10:01:02,I
B*40:11 total,C
B*40:11,C
B*40:11:01,C
B*40:11:02,WD
B*40:12,C
B*40:13,C
B*40:14 total,WD
B*40:14,WD
B*40:14:01,
B*40:14:02,WD
B*40:14:03,WD
B*40:16,C
B*40:18,WD
B*40:19,WD
B*40:20 total,C
B*40:20:01G total,C
B*40:20,C
B*40:21,WD
B*40:22N,WD
B*40:23,C
B*40:25,
B*40:26,C
B*40:27 total,C
B*40:27,C
B*40:27:01,C
B*40:27:02,
B*40:28,
B*40:29,
B*40:30,WD
B*40:31,WD
B*40:32,I
B*40:33,
B*40:35 total,WD
B*40:35:01,WD
B*40:35:02,
B*40:36,
B*40:37,
B*40:38,
B*40:40 total,I
B*40:40:01G total,I
B*40:40,WD
B*40:40:01G,I
B*40:229,WD
B*40:42,WD
B*40:43,WD
B*40:44,I
B*40:46,
B*40:47,WD
B*40:48,WD
B*40:49,WD
B*40:50,C
B*40:51,
B*40:52,WD
B*40:53,WD
B*40:54,
B*40:61,WD
B*40:62,
B*40:63,WD
B*40:64,I
B*40:67,
B*40:69,
B*40:70 total,
B*40:70,
B*40:70:01,
B*40:72 total,WD
B*40:72,
B*40:72:02,WD
B*40:73,
B*40:74,WD
B*40:75,
B*40:76,
B*40:78,WD
B*40:79,WD
B*40:80,
B*40:81,
B*40:84,WD
B*40:87 total,WD
B*40:87,
B*40:87:01,WD
B*40:90,C
B*40:94,WD
B*40:95,I
B*40:98,
B*40:99,WD
B*40:102,WD
B*40:103,WD
B*40:105,
B*40:107,
B*40:108,WD
B*40:109,
B*40:110,WD
B*40:111,WD
B*40:112,
B*40:113,WD
B*40:114 total,WD
B*40:114,WD
B*40:114:01,WD
B*40:115,I
B*40:116,
B*40:117,WD
B*40:118N,
B*40:119,WD
B*40:120,
B*40:121,
B*40:122,
B*40:126,WD
B*40:128,
B*40:129,WD
B*40:130 total,WD
B*40:130,
B*40:130:01,WD
B*40:130:02,WD
B*40:131,
B*40:134,
B*40:135,WD
B*40:142N,WD
B*40:145,
B*40:148,
B*40:155N total,WD
B*40:155:01G total,WD
B*40:155N,
B*40:155:01G,
B*40:155:02N,
B*40:156,
B*40:157,WD
B*40:159,WD
B*40:160 total,WD
B*40:160,
B*40:160:01,WD
B*40:160:02,WD
B*40:161,
B*40:165,
B*40:168,WD
B*40:170,
B*40:172,
B*40:175,
B*40:177,WD
B*40:181,
B*40:183,I
B*40:187,
B*40:190,
B*40:195,
B*40:196,
B*40:197,WD
B*40:198,
B*40:199,
B*40:200,WD
B*40:201,WD
B*40:203,WD
B*40:207,
B*40:217,
B*40:219,
B*40:224,
B*40:225,
B*40:226,WD
B*40:228,
B*40:232,
B*40:234,
B*40:235,
B*40:240,
B*40:245,
B*40:268,
B*40:273,
B*40:274,
B*40:282,
B*40:283,
B*40:287,
B*40:288,
B*40:290,
B*40:291N,
B*40:292,
B*40:293,
B*40:295,I
B*40:296,
B*40:298 total,
B*40:298,
B*40:306,
B*40:309,
B*40:310,WD
B*40:311,
B*40:313,
B*40:318,
B*40:321,
B*40:322,
B*40:331,
B*40:334,I
B*40:340,
B*40:347,
B*40:348,
B*40:CODE,N/A
B*41:01 total,C
B*41:01,C
B*41:01P,WD
B*41:01:01,C
B*41:01:02,
B*41:01:03,WD
B*41:01:05,
B*41:02 total,C
B*41:02,C
B*41:02P,WD
B*41:02:01G total,C
B*41:02:01G,C
B*41:02:01,C
B*41:02:02,
B*41:02:03,
B*41:02:04,
B*41:02:05,WD
B*41:02:06,
B*41:03 total,C
B*41:03,WD
B*41:03:01,C
B*41:03:02,
B*41:04,
B*41:05,WD
B*41:06,I
B*41:07,I
B*41:09,WD
B*41:10,WD
B*41:11,WD
B*41:14,WD
B*41:15,
B*41:16,WD
B*41:18,WD
B*41:19,WD
B*41:21,
B*41:22,
B*41:23,
B*41:27,
B*41:28,
B*41:30,
B*41:31,
B*41:32,
B*41:40,
B*41:44,
B*41:51,
B*41:CODE,N/A
B*42:01 total,C
B*42:01,C
B*42:01P,
B*42:01:01G total,C
B*42:01:01,C
B*42:02 total,C
B*42:02:01G total,C
B*42:02,C
B*42:02P,
B*42:02:01G,C
B*42:02:01,I
B*42:02:01:01,
B*42:02:01:02,C
B*42:05 total,I
B*42:05,WD
B*42:05:01,I
B*42:07,WD
B*42:08,
B*42:09,
B*42:10,WD
B*42:13,
B*42:14,
B*42:15,
B*42:16,
B*42:17,
B*42:18,I
B*42:20,
B*42:21,
B*42:22,
B*42:CODE,N/A
B*44:02 total,C
B*44:02,C
B*44:02S total,
B*44:02P,I
B*44:02:01G total,C
B*44:02:01G,C
B*44:02:01,C
B*44:02:01:01,C
B*44:02:01:02S,
B*44:02:01:03,C
B*44:02:01:04,WD
B*44:02:01:05,WD
B*44:02:01:06,
B*44:02:46,
B*44:27:01,C
B*44:02:02,WD
B*44:02:03,
B*44:02:05,WD
B*44:02:06,I
B*44:02:07,WD
B*44:02:09,WD
B*44:02:10,WD
B*44:02:12,WD
B*44:02:15,WD
B*44:02:18,WD
B*44:02:19,WD
B*44:02:20,
B*44:02:22,WD
B*44:02:24,
B*44:02:33,
B*44:02:34,
B*44:27 total,C
B*44:27,I
B*44:173,WD
B*44:03 total,C
B*44:03,C
B*44:03P,WD
B*44:03:01G total,C
B*44:03:01G,C
B*44:03:01,C
B*44:03:01:01,C
B*44:03:01:02,C
B*44:03:01:03,C
B*44:03:01:04,
B*44:03:01:09,I
B*44:03:03,WD
B*44:03:04,
B*44:03:02G total,C
B*44:03:02G,C
B*44:03:02,C
B*44:03:27,
B*44:03:05,
B*44:03:06,
B*44:03:08,WD
B*44:03:09,
B*44:03:10,WD
B*44:03:11,WD
B*44:03:13,WD
B*44:03:14,
B*44:03:19,WD
B*44:03:22,
B*44:03:23,WD
B*44:03:25,
B*44:03:32,
B*44:03:33,
B*44:04,C
B*44:05 total,C
B*44:05,C
B*44:05P,WD
B*44:05:01,C
B*44:05:02,
B*44:05:03,I
B*44:06,I
B*44:07,C
B*44:08,I
B*44:09,I
B*44:10,C
B*44:13,WD
B*44:15 total,C
B*44:15:01G total,C
B*44:15,C
B*44:17,I
B*44:18,WD
B*44:20,WD
B*44:21,I
B*44:22,WD
B*44:23N,WD
B*44:24,WD
B*44:25,WD
B*44:28 total,WD
B*44:28,
B*44:28:01,
B*44:28:02,WD
B*44:29,C
B*44:30,I
B*44:31,WD
B*44:32,WD
B*44:34 total,WD
B*44:34,WD
B*44:34:01,WD
B*44:34:02,
B*44:36,WD
B*44:37 total,WD
B*44:37,
B*44:37:01,WD
B*44:37:02,WD
B*44:41 total,WD
B*44:41,WD
B*44:41:01,WD
B*44:42,
B*44:43 total,WD
B*44:43:01,WD
B*44:45,WD
B*44:46,
B*44:47,
B*44:48,WD
B*44:50 total,WD
B*44:50,WD
B*44:50:01,WD
B*44:51,
B*44:53 total,
B*44:53,
B*44:55,
B*44:57,
B*44:59 total,
B*44:59,
B*44:59:01,
B*44:60,WD
B*44:62,
B*44:63,
B*44:64 total,WD
B*44:64,
B*44:64:02,WD
B*44:65,
B*44:67,WD
B*44:68,WD
B*44:69 total,
B*44:69:01,
B*44:69:02,
B*44:70,
B*44:71,
B*44:72,
B*44:73,WD
B*44:74,WD
B*44:75,
B*44:76,WD
B*44:77,WD
B*44:78,
B*44:79 total,
B*44:79,
B*44:79:01,
B*44:80,WD
B*44:83,WD
B*44:84 total,WD
B*44:84:01,
B*44:84:02,
B*44:85,
B*44:86,WD
B*44:87,I
B*44:88,WD
B*44:89,
B*44:91,WD
B*44:92,WD
B*44:95,
B*44:96,WD
B*44:98,WD
B*44:99,WD
B*44:103,
B*44:104,WD
B*44:105,
B*44:107,WD
B*44:109,
B*44:110,
B*44:111,WD
B*44:112,
B*44:113,
B*44:115,WD
B*44:116,WD
B*44:117,
B*44:120,WD
B*44:122,WD
B*44:124,
B*44:125,
B*44:126 total,
B*44:126,
B*44:130,
B*44:132,
B*44:135,
B*44:137,
B*44:138Q,
B*44:140,
B*44:143,
B*44:145,
B*44:146,WD
B*44:147,
B*44:148,
B*44:152,
B*44:153,
B*44:155,
B*44:158,
B*44:163,
B*44:165,
B*44:166,WD
B*44:169,
B*44:170,
B*44:177,
B*44:180,
B*44:181,
B*44:182,
B*44:185,
B*44:186,
B*44:188,
B*44:189,
B*44:191,
B*44:192 total,
B*44:192,
B*44:197,
B*44:200,
B*44:205 total,WD
B*44:205:01,WD
B*44:205:02,
B*44:206,
B*44:210 total,
B*44:210,
B*44:212,
B*44:215,
B*44:216,
B*44:217N,
B*44:221,
B*44:223,
B*44:226,
B*44:227,
B*44:229,
B*44:247,
B*44:254,
B*44:258,
B*44:260,
B*44:CODE,N/A
B*45:01 total,C
B*45:01,I
B*45:01P,WD
B*45:01:01G total,C
B*45:01:01G,C
B*45:01:01,C
B*45:07,
B*45:01:02,
B*45:01:03,
B*45:02,WD
B*45:04,
B*45:06,
B*45:08,
B*45:09,
B*45:11,
B*45:14,
B*45:16,
B*45:17,
B*45:CODE,N/A
B*46:01 total,C
B*46:01,WD
B*46:01P,
B*46:01:01G total,C
B*46:01:01G,C
B*46:01:01,C
B*46:01:02,WD
B*46:01:03,
B*46:01:07,
B*46:01:18,
B*46:11,
B*46:13 total,
B*46:13:01,
B*46:14,
B*46:20,
B*46:22,WD
B*46:29,
B*46:32,
B*46:43,
B*46:45,
B*46:61,
B*46:62,
B*46:63,
B*46:CODE,N/A
B*47:01 total,C
B*47:01,C
B*47:01P,WD
B*47:01:01G total,C
B*47:01:01G,C
B*47:01:01,C
B*47:01:01:03,C
B*47:01:03,
B*47:02,I
B*47:03,C
B*47:04,WD
B*47:05,WD
B*47:08,
B*47:10,
B*47:CODE,N/A
B*48:01 total,C
B*48:01,WD
B*48:01P,
B*48:01:01G total,C
B*48:01:01G,C
B*48:01:01,C
B*48:02 total,C
B*48:02,C
B*48:02:01,C
B*48:02:02,
B*48:02:03,WD
B*48:03 total,C
B*48:03,I
B*48:03:01,C
B*48:03:02,I
B*48:04 total,C
B*48:04,C
B*48:04:01,C
B*48:04:02,
B*48:05,WD
B*48:06,WD
B*48:07,C
B*48:11,
B*48:12,I
B*48:13,I
B*48:20,
B*48:21,
B*48:24,WD
B*48:26,WD
B*48:27,
B*48:29,WD
B*48:33,
B*48:36,
B*48:38,
B*48:39,
B*48:41,
B*48:CODE,N/A
B*49:01 total,C
B*49:01,C
B*49:01P,WD
B*49:01:01G total,C
B*49:01:01G,C
B*49:01:01,C
B*49:01:01:01,
B*49:01:01:02,
B*49:01:06,
B*49:38,WD
B*49:02,
B*49:04 total,WD
B*49:04,
B*49:04:01,
B*49:06,
B*49:09,WD
B*49:10,
B*49:11,
B*49:16,
B*49:17,
B*49:18 total,WD
B*49:18:02,WD
B*49:20,
B*49:21,
B*49:23,
B*49:25,
B*49:31,
B*49:37,
B*49:41,
B*49:CODE,N/A
B*50:01 total,C
B*50:01,C
B*50:01P,I
B*50:01:01G total,C
B*50:01:01G,C
B*50:01:01,C
B*50:01:01:01,C
B*50:01:01:02,C
B*50:01:02,
B*50:01:04,
B*50:02,C
B*50:04,I
B*50:06,
B*50:07,
B*50:08,WD
B*50:09,WD
B*50:12,WD
B*50:14,
B*50:17,
B*50:18,
B*50:32,
B*50:35,
B*50:40,
B*50:41,
B*50:44,
B*50:CODE,N/A
B*51:01 total,C
B*51:01,C
B*51:01P,C
B*51:01:01G total,C
B*51:01:01G,C
B*51:01:01,C
B*51:01:01:01,C
B*51:01:01:02,
B*51:01:01:03,WD
B*51:01:01:04,WD
B*51:01:01:05,
B*51:01:01:06,
B*51:01:01:09,
B*51:01:01:10,
B*51:01:01:11,WD
B*51:01:01:14,WD
B*51:01:01:17,
B*51:01:01:18,
B*51:01:01:19,
B*51:01:01:20,
B*51:01:01:21,WD
B*51:01:05,I
B*51:01:07,I
B*51:01:35,I
B*51:01:44,
B*51:01:56,
B*51:11N,WD
B*51:32,I
B*51:48,
B*51:51,WD
B*51:193,I
B*51:01:02,C
B*51:01:03,WD
B*51:01:04,WD
B*51:01:09,I
B*51:01:10,WD
B*51:01:12,
B*51:01:13,
B*51:01:14,
B*51:01:15,
B*51:01:19,WD
B*51:01:20,WD
B*51:01:21,WD
B*51:01:22,
B*51:01:25,
B*51:01:26,
B*51:01:27,
B*51:01:28,
B*51:01:30,
B*51:01:32,WD
B*51:01:33,
B*51:01:34,WD
B*51:01:36,
B*51:01:37,
B*51:01:38,
B*51:01:42,
B*51:01:43,
B*51:01:50,
B*51:01:52,
B*51:01:53,
B*51:02 total,C
B*51:02,C
B*51:02P,WD
B*51:02:01G total,C
B*51:02:01G,C
B*51:02:01,C
B*51:02:02,C
B*51:03,
B*51:04,I
B*51:05,C
B*51:06 total,C
B*51:06,C
B*51:06P,
B*51:06:01,C
B*51:06:02,WD
B*51:07 total,C
B*51:07,C
B*51:07P,
B*51:07:01,C
B*51:08 total,C
B*51:08,C
B*51:08P,WD
B*51:08:01,C
B*51:08:02,
B*51:09 total,C
B*51:09,I
B*51:09:01,C
B*51:09:02,WD
B*51:10,I
B*51:12,
B*51:13 total,C
B*51:13,I
B*51:13P,
B*51:13:01,C
B*51:13:02,I
B*51:14,C
B*51:16,
B*51:17,I
B*51:18,
B*51:19,C
B*51:20,WD
B*51:21,WD
B*51:22,C
B*51:23,I
B*51:24 total,WD
B*51:24,
B*51:24:03,
B*51:24:04,WD
B*51:24:05,WD
B*51:26,WD
B*51:27N,
B*51:29,WD
B*51:31,I
B*51:33,WD
B*51:34,I
B*51:36,WD
B*51:37,WD
B*51:38,WD
B*51:39,WD
B*51:40,WD
B*51:42,
B*51:43,I
B*51:44N,
B*51:46,WD
B*51:49,I
B*51:50,I
B*51:53,
B*51:54,
B*51:55,WD
B*51:56 total,WD
B*51:56,
B*51:56:01,WD
B*51:56:02,WD
B*51:56:03,
B*51:57,
B*51:58,
B*51:60,
B*51:61 total,WD
B*51:61,WD
B*51:61:01,WD
B*51:61:02,
B*51:63 total,
B*51:63,
B*51:64,WD
B*51:65,I
B*51:66,
B*51:67,WD
B*51:68,WD
B*51:69,WD
B*51:70,WD
B*51:71,WD
B*51:72,
B*51:73,WD
B*51:74,WD
B*51:75,I
B*51:76,WD
B*51:78 total,
B*51:78:01,
B*51:79,WD
B*51:80,
B*51:81,
B*51:82,WD
B*51:83,WD
B*51:84,
B*51:85,
B*51:86,
B*51:87,WD
B*51:89,
B*51:90,
B*51:91,
B*51:93,
B*51:94,
B*51:95,
B*51:97,
B*51:98N,
B*51:100,WD
B*51:105,WD
B*51:106 total,
B*51:106,
B*51:107,WD
B*51:109,WD
B*51:112,
B*51:114,WD
B*51:115,
B*51:116,WD
B*51:117,WD
B*51:119,
B*51:120,
B*51:122,WD
B*51:123,WD
B*51:124,
B*51:127,WD
B*51:131,
B*51:134,WD
B*51:135,
B*51:136,
B*51:137,
B*51:139,
B*51:141,
B*51:143,
B*51:145,
B*51:146,
B*51:147,
B*51:148,
B*51:150,
B*51:152,
B*51:153,
B*51:154,
B*51:158 total,I
B*51:158,
B*51:158:01,WD
B*51:158:02,WD
B*51:162,
B*51:167,
B*51:168,
B*51:171,
B*51:173Q,
B*51:174 total,
B*51:174,
B*51:177,WD
B*51:178N,
B*51:179,
B*51:181,
B*51:185,
B*51:187,
B*51:188,
B*51:191,
B*51:194,
B*51:203,
B*51:204,
B*51:206,
B*51:208,
B*51:210,
B*51:213,
B*51:221,
B*51:CODE,N/A
B*52:01 total,C
B*52:01,C
B*52:01P,I
B*52:01:01G total,C
B*52:01:01G,C
B*52:01:01,C
B*52:01:01:01,
B*52:01:01:02,WD
B*52:01:01:03,WD
B*52:01:08,
B*52:01:02G total,C
B*52:01:02G,C
B*52:01:02,C
B*52:01:04,
B*52:01:05,WD
B*52:01:06,WD
B*52:01:07,I
B*52:01:09,WD
B*52:01:11,
B*52:01:12,
B*52:01:13,
B*52:01:14,WD
B*52:01:16,
B*52:01:17,
B*52:01:18,
B*52:01:19,
B*52:01:20,
B*52:01:21,
B*52:01:23,
B*52:02 total,I
B*52:02,WD
B*52:02:01,I
B*52:03,I
B*52:04,C
B*52:05,
B*52:06 total,WD
B*52:06,
B*52:06:02,WD
B*52:06:03,
B*52:08,
B*52:10 total,WD
B*52:10:01,WD
B*52:10:02,
B*52:11,WD
B*52:17,WD
B*52:19,
B*52:20,
B*52:21 total,WD
B*52:21,WD
B*52:25 total,WD
B*52:25,WD
B*52:25:01,
B*52:25:02,
B*52:27,WD
B*52:28,
B*52:30,
B*52:31 total,
B*52:31:01,
B*52:37,WD
B*52:39,
B*52:40,
B*52:48,
B*52:50,
B*52:51,
B*52:54,
B*52:58,
B*52:59,
B*52:60,
B*52:61,
B*52:62,
B*52:63,
B*52:CODE,N/A
B*53:01 total,C
B*53:01,C
B*53:01P,I
B*53:01:01G total,C
B*53:01:01G,C
B*53:01:01,C
B*53:37,WD
B*53:01:02,
B*53:01:03,WD
B*53:01:05,WD
B*53:01:06,WD
B*53:01:07,
B*53:01:10,
B*53:01:11,
B*53:02,
B*53:04,WD
B*53:05 total,I
B*53:05,I
B*53:05:01,WD
B*53:06,WD
B*53:08 total,
B*53:08,
B*53:09,I
B*53:10,WD
B*53:12,
B*53:13,
B*53:15,WD
B*53:16,
B*53:17 total,
B*53:17:02,
B*53:18,WD
B*53:19,
B*53:20,WD
B*53:21,
B*53:22,
B*53:23,WD
B*53:24,WD
B*53:25,
B*53:26,
B*53:27,
B*53:28,WD
B*53:29,
B*53:30,
B*53:31,WD
B*53:33,
B*53:36,
B*53:38,
B*53:CODE,N/A
B*54:01 total,C
B*54:01,WD
B*54:01P,
B*54:01:01G total,C
B*54:01:01G,C
B*54:01:01,C
B*54:01:07,
B*54:03,
B*54:10,
B*54:20,
B*54:23,
B*54:33,
B*54:CODE,N/A
B*55:01 total,C
B*55:01,C
B*55:01P,WD
B*55:01:01G total,C
B*55:01:01G,C
B*55:01:01,C
B*55:01:03,I
B*55:85,
B*55:01:02,WD
B*55:01:04,C
B*55:01:05,WD
B*55:01:06,WD
B*55:01:09,
B*55:01:10,
B*55:01:15,
B*55:01:16,
B*55:02 total,C
B*55:02,C
B*55:02P,WD
B*55:02:01G total,C
B*55:02:01G,C
B*55:02:01,C
B*55:02:01:01,
B*55:02:01:02,I
B*55:02:03,I
B*55:02:07,
B*55:03,I
B*55:04,C
B*55:05,WD
B*55:07,I
B*55:08,
B*55:09,WD
B*55:10,
B*55:11,WD
B*55:12,I
B*55:14,WD
B*55:17,WD
B*55:18,WD
B*55:20,WD
B*55:21,WD
B*55:22,
B*55:23,WD
B*55:24,
B*55:25,WD
B*55:26,
B*55:28,
B*55:29,WD
B*55:30,
B*55:31,WD
B*55:33,WD
B*55:34,
B*55:36,
B*55:37,
B*55:40,
B*55:44,
B*55:45,WD
B*55:49,
B*55:50,
B*55:51,
B*55:52,
B*55:54,
B*55:55N,
B*55:56,
B*55:59,
B*55:60,
B*55:64,
B*55:67,
B*55:69,
B*55:72,
B*55:73,
B*55:78,WD
B*55:CODE,N/A
B*56:01 total,C
B*56:01,I
B*56:01P,WD
B*56:01:01G total,C
B*56:01:01G,C
B*56:01:01,C
B*56:01:01:01,I
B*56:01:01:02,C
B*56:01:01:03,C
B*56:01:01:04,WD
B*56:01:02,WD
B*56:01:03,WD
B*56:01:04,WD
B*56:01:06,
B*56:01:07,
B*56:01:08,
B*56:02 total,C
B*56:02,C
B*56:02:01,I
B*56:02:02,
B*56:03,C
B*56:04,C
B*56:05 total,I
B*56:05,
B*56:05:01,WD
B*56:05:02,WD
B*56:06,
B*56:07,WD
B*56:09,
B*56:10,I
B*56:11,
B*56:13,WD
B*56:14,
B*56:15,WD
B*56:16,WD
B*56:17,
B*56:20 total,
B*56:20,
B*56:20:01,
B*56:21,
B*56:22,I
B*56:25,WD
B*56:26,
B*56:27,WD
B*56:29,
B*56:31,
B*56:33,WD
B*56:34,
B*56:36,
B*56:37,
B*56:39,
B*56:41,
B*56:44,
B*56:45,
B*56:46,
B*56:CODE,N/A
B*57:01 total,C
B*57:01,C
B*57:01P,I
B*57:01:01G total,C
B*57:01:01G,C
B*57:01:01,C
B*57:01:01:01,WD
B*57:79N,
B*57:01:02,WD
B*57:01:04,
B*57:01:06,WD
B*57:01:07,C
B*57:01:08,
B*57:01:10,WD
B*57:01:14,
B*57:01:15,
B*57:01:18,
B*57:01:20,
B*57:02 total,C
B*57:02,C
B*57:02P,
B*57:02:01,C
B*57:02:02,WD
B*57:03 total,C
B*57:03,C
B*57:03P,WD
B*57:03:01G total,C
B*57:03:01G,C
B*57:03:01,C
B*57:03:01:01,C
B*57:03:01:02,C
B*57:03:02,
B*57:03:03,
B*57:04 total,C
B*57:04,C
B*57:04P,
B*57:04:01,C
B*57:05,WD
B*57:07,
B*57:09,WD
B*57:11,WD
B*57:12,
B*57:13,
B*57:14 total,WD
B*57:14,WD
B*57:14:01,WD
B*57:15,WD
B*57:16,
B*57:17,
B*57:18,
B*57:19,
B*57:20,
B*57:21,WD
B*57:22,WD
B*57:23,WD
B*57:24,WD
B*57:26,WD
B*57:27,
B*57:31,
B*57:32,WD
B*57:34,WD
B*57:35,
B*57:38,
B*57:39,
B*57:40,WD
B*57:41,
B*57:42,
B*57:43,
B*57:44,WD
B*57:45,
B*57:47,
B*57:48,WD
B*57:49,
B*57:52,
B*57:54,
B*57:56,
B*57:58,WD
B*57:60,
B*57:61,I
B*57:62,
B*57:63,
B*57:65,
B*57:67 total,
B*57:67:02,
B*57:69,
B*57:70,
B*57:73,
B*57:75,
B*57:76,
B*57:77,
B*57:78,
B*57:81,
B*57:83,
B*57:86,
B*57:CODE,N/A
B*58:01 total,C
B*58:01,I
B*58:01P,I
B*58:01:01G total,C
B*58:01:01G,C
B*58:01:01,C
B*58:01:01:01,C
B*58:01:01:03,WD
B*58:01:01:04,WD
B*58:01:06,I
B*58:11,WD
B*58:01:05,
B*58:01:10,
B*58:01:11,
B*58:01:14,
B*58:01:16,
B*58:02 total,C
B*58:02,C
B*58:02P,
B*58:02:01,C
B*58:02:02,
B*58:04,WD
B*58:05,WD
B*58:06,WD
B*58:07,
B*58:08 total,WD
B*58:08,
B*58:08:01,WD
B*58:08:02,
B*58:09,
B*58:14,
B*58:16 total,WD
B*58:16,
B*58:16:02,WD
B*58:18,I
B*58:19 total,
B*58:19:01G total,
B*58:19,
B*58:22,
B*58:23,WD
B*58:24,
B*58:25,
B*58:26,
B*58:28 total,WD
B*58:28:02,WD
B*58:33,
B*58:34,
B*58:35,
B*58:37,WD
B*58:38,
B*58:41,
B*58:46,
B*58:48,
B*58:59 total,
B*58:59:02,
B*58:60,
B*58:62,WD
B*58:64,
B*58:65,
B*58:68,
B*58:73,
B*58:74,
B*58:CODE,N/A
B*59:01 total,C
B*59:01:01G total,C
B*59:01,I
B*59:01:01G,C
B*59:01:01,C
B*59:01:01:01,WD
B*59:01:01:02,I
B*59:CODE,N/A
B*67:01 total,C
B*67:01,I
B*67:01:01,C
B*67:01:02G total,C
B*67:01:02G,I
B*67:01:02,I
B*67:02,WD
B*67:CODE,N/A
B*73:01,C
B*73:CODE,N/A
B*78:01 total,C
B*78:01,C
B*78:01:01G total,C
B*78:01:01G,C
B*78:01:01,C
B*78:01:01:02,C
B*78:01:02,WD
B*78:02 total,I
B*78:02,WD
B*78:02:01,WD
B*78:02:02,I
B*78:03,
B*78:04,I
B*78:05,
B*78:08,
B*78:09,
B*78:CODE,N/A
B*81:01 total,C
B*81:01:01G total,C
B*81:01,C
B*81:01P,
B*81:01:01G,C
B*81:02,I
B*81:04N,
B*81:05,WD
B*81:06,
B*81:07,
B*81:CODE,N/A
B*82:01,C
B*82:02 total,C
B*82:02,C
B*82:02:01,C
B*82:03,
B*82:CODE,N/A
B*83:01,WD
B*83:CODE,N/A
B*NEW,N/A
B*Total e,
