HLA-C Allele Summary a,
Allele,Highest Frequency c
C*01:02 total,C
C*01:02,C
C*01:02P,I
C*01:02:01G total,C
C*01:02:01G,C
C*01:02:01,C
C*01:02:01:01,C
C*01:02:01:03,WD
C*01:02:01:04,WD
C*01:02:12,
C*01:02:30,C
C*01:44,I
C*01:85,
C*01:127,WD
C*01:02:03,C
C*01:02:04,WD
C*01:02:06,
C*01:02:07,WD
C*01:02:08,I
C*01:02:09,
C*01:02:10,WD
C*01:02:16,I
C*01:02:18,
C*01:02:22,
C*01:02:27,
C*01:02:32,
C*01:02:34,
C*01:02:36,
C*01:02:37,
C*01:02:40,
C*01:02:41,
C*01:40,
C*01:03 total,C
C*01:03:01G total,C
C*01:03,C
C*01:03:01G,C
C*01:04,WD
C*01:05,
C*01:06,I
C*01:07 total,I
C*01:07,WD
C*01:07:01,WD
C*01:07:02,
C*01:08,C
C*01:09,
C*01:10,I
C*01:12 total,WD
C*01:12,
C*01:12:01,WD
C*01:13,WD
C*01:14,WD
C*01:15 total,
C*01:15,
C*01:16,
C*01:17,C
C*01:18,
C*01:22,I
C*01:27,WD
C*01:30,WD
C*01:32 total,I
C*01:32,WD
C*01:32:01,WD
C*01:33,WD
C*01:36,
C*01:37N,
C*01:39,
C*01:41,
C*01:45,WD
C*01:51,WD
C*01:52,WD
C*01:54,WD
C*01:56N,
C*01:57,
C*01:58,WD
C*01:59,WD
C*01:60,
C*01:62,WD
C*01:63 total,
C*01:63,
C*01:141,
C*01:64,
C*01:65,
C*01:66,
C*01:67,WD
C*01:70,WD
C*01:72,
C*01:74,WD
C*01:75,
C*01:77,
C*01:92,
C*01:93,
C*01:95,
C*01:96,WD
C*01:97,
C*01:99,
C*01:100,
C*01:101,
C*01:102,
C*01:103,WD
C*01:104,
C*01:107,
C*01:114,
C*01:117N,
C*01:119,
C*01:121Q,WD
C*01:136,
C*01:146,
C*01:CODE d,N/A
C*02:02 total,C
C*02:02,C
C*02:02P,C
C*02:02:01,WD
C*02:02:02G total,C
C*02:02:02G,C
C*02:02:02,C
C*02:02:02:01,C
C*02:02:02:02,I
C*02:02:02:03,WD
C*02:02:02:04,
C*02:02:02:06,WD
C*02:02:02:10,
C*02:02:02:12,
C*02:02:02:13,
C*02:29,WD
C*02:69,
C*02:83,
C*02:02:03,WD
C*02:02:05,
C*02:02:06,WD
C*02:02:07,I
C*02:02:08,WD
C*02:02:09,WD
C*02:02:12,WD
C*02:02:14,WD
C*02:02:15,
C*02:02:16,
C*02:02:18,WD
C*02:02:19,
C*02:02:20,
C*02:02:22,
C*02:02:23,
C*02:02:24,
C*02:02:26,
C*02:02:27,
C*02:02:28,
C*02:10 total,C
C*02:10,C
C*02:10:01G total,C
C*02:10:01G,C
C*02:10:01,C
C*02:10:01:01,C
C*02:10:01:02,C
C*02:10:01:03,
C*02:03,WD
C*02:04,WD
C*02:05 total,WD
C*02:05,
C*02:05:02,WD
C*02:05:03,
C*02:06 total,I
C*02:06,I
C*02:06:01,I
C*02:07,I
C*02:08,I
C*02:11,
C*02:12,WD
C*02:13,WD
C*02:14 total,C
C*02:14:01G total,C
C*02:14,C
C*02:14:01G,WD
C*02:14:01,WD
C*02:14:02,WD
C*02:15,
C*02:16 total,WD
C*02:16,WD
C*02:16:01,WD
C*02:16:02,WD
C*02:17,
C*02:19,I
C*02:20,
C*02:21,I
C*02:23,WD
C*02:24,WD
C*02:25Q,WD
C*02:26 total,I
C*02:26,
C*02:26:01,WD
C*02:26:02,WD
C*02:26:03,I
C*02:27 total,I
C*02:27,WD
C*02:27:01,I
C*02:27:02,
C*02:28,
C*02:30,WD
C*02:31,WD
C*02:32,WD
C*02:34,WD
C*02:35,WD
C*02:36 total,
C*02:36,
C*02:38N,WD
C*02:40 total,WD
C*02:40,
C*02:40:01,WD
C*02:40:02,
C*02:43 total,WD
C*02:43,WD
C*02:43:01,
C*02:44,WD
C*02:45,WD
C*02:46,WD
C*02:48,WD
C*02:49,WD
C*02:51,
C*02:53 total,
C*02:53,
C*02:54,
C*02:55 total,WD
C*02:55,WD
C*02:55:01,WD
C*02:55:02,
C*02:56,WD
C*02:57,
C*02:60,
C*02:62,
C*02:64,
C*02:67Q,WD
C*02:73,
C*02:74,
C*02:75,
C*02:76,
C*02:77,
C*02:78,
C*02:80,
C*02:81,
C*02:84,
C*02:85,
C*02:86,
C*02:87,WD
C*02:91,
C*02:92N,WD
C*02:93,
C*02:94,
C*02:96,
C*02:97,
C*02:98,
C*02:104,
C*02:107,
C*02:109,
C*02:112,
C*02:114,
C*02:117,
C*02:CODE,N/A
C*03:02 total,C
C*03:02,C
C*03:02P,WD
C*03:02:01G total,C
C*03:02:01G,C
C*03:02:01,
C*03:02:02,C
C*03:02:02:01,C
C*03:02:02:02,I
C*03:02:02:03,I
C*03:02:03,
C*03:02:07,
C*03:146,I
C*03:02:05,
C*03:02:06,
C*03:02:09,I
C*03:02:10,
C*03:02:13,
C*03:03 total,C
C*03:03,C
C*03:03P,I
C*03:03:01G total,C
C*03:03:01G,C
C*03:03:01,C
C*03:03:01:01,C
C*03:03:01:04,
C*03:03:01:06,
C*03:03:17,
C*03:171,
C*03:03:02,I
C*03:03:03,WD
C*03:03:04,C
C*03:03:05,WD
C*03:03:07,WD
C*03:03:10,WD
C*03:03:12,I
C*03:03:15,
C*03:03:16,WD
C*03:03:19,
C*03:03:20,
C*03:03:21,
C*03:03:25,
C*03:03:27,
C*03:03:29,
C*03:03:30,
C*03:03:31,
C*03:04 total,C
C*03:04,C
C*03:04P,I
C*03:04:01G total,C
C*03:04:01G,C
C*03:04:01,C
C*03:04:01:01,WD
C*03:04:01:02,WD
C*03:100,WD
C*03:101,
C*03:252,
C*03:04:02G total,C
C*03:04:02G,C
C*03:04:02,C
C*03:04:04,C
C*03:04:05,WD
C*03:04:06,WD
C*03:04:07,
C*03:04:08,WD
C*03:04:09,WD
C*03:04:10,WD
C*03:04:11,WD
C*03:04:13,WD
C*03:04:14,WD
C*03:04:15,WD
C*03:04:16,
C*03:04:17,WD
C*03:04:18,WD
C*03:04:19,WD
C*03:04:21,WD
C*03:04:22,WD
C*03:04:23,
C*03:04:24,
C*03:04:25,
C*03:04:26,
C*03:04:27,I
C*03:04:28,
C*03:04:29,
C*03:04:30,
C*03:04:33,
C*03:04:34,
C*03:04:35,
C*03:04:37,
C*03:04:42,WD
C*03:04:45,
C*03:04:46,
C*03:04:47,
C*03:05 total,C
C*03:05:01G total,C
C*03:05,C
C*03:05:01G,C
C*03:06 total,C
C*03:06,C
C*03:06P,
C*03:06:01,C
C*03:06:02,
C*03:07 total,C
C*03:07,C
C*03:07:01,WD
C*03:08,C
C*03:09,I
C*03:10,I
C*03:11 total,WD
C*03:11,WD
C*03:11:02,WD
C*03:13 total,WD
C*03:13,
C*03:13:01,WD
C*03:13:02,
C*03:14 total,I
C*03:14:01G total,I
C*03:14,I
C*03:15,
C*03:16,I
C*03:17 total,C
C*03:17,C
C*03:17:01,
C*03:18 total,WD
C*03:18,WD
C*03:18:01,WD
C*03:18:02,
C*03:19,C
C*03:21,I
C*03:22Q,
C*03:23,
C*03:24,
C*03:26,WD
C*03:27,
C*03:28,WD
C*03:30,WD
C*03:31,
C*03:32,WD
C*03:33,
C*03:34,
C*03:35 total,WD
C*03:35,WD
C*03:35:01,WD
C*03:35:02,
C*03:36,I
C*03:37 total,WD
C*03:37,
C*03:37:01,WD
C*03:37:02,
C*03:38 total,C
C*03:38,WD
C*03:38:01,C
C*03:38:02,WD
C*03:39,
C*03:40 total,I
C*03:40,WD
C*03:40:01G total,I
C*03:40:01G,WD
C*03:40:01,WD
C*03:279,WD
C*03:40:02,
C*03:40:04,
C*03:41 total,WD
C*03:41,WD
C*03:41:01,WD
C*03:41:02,
C*03:42,WD
C*03:43 total,WD
C*03:43,
C*03:43:01,WD
C*03:43:02,
C*03:44,I
C*03:45,I
C*03:46,WD
C*03:47,I
C*03:48,
C*03:49,WD
C*03:51,WD
C*03:52,
C*03:53,WD
C*03:54,WD
C*03:55,
C*03:56,WD
C*03:57 total,
C*03:57,
C*03:58,
C*03:59,WD
C*03:60,WD
C*03:63,
C*03:64 total,WD
C*03:64:01,WD
C*03:64:02,
C*03:65,
C*03:66,
C*03:69,WD
C*03:70,WD
C*03:71,
C*03:73,
C*03:74,
C*03:75,WD
C*03:76,
C*03:77,
C*03:78,I
C*03:79,
C*03:80 total,
C*03:80:02,
C*03:81,WD
C*03:82,
C*03:83,
C*03:85,I
C*03:86,WD
C*03:87 total,I
C*03:87,WD
C*03:87:01,WD
C*03:87:02,I
C*03:88,C
C*03:90,
C*03:91 total,WD
C*03:91,
C*03:91:01,WD
C*03:91:02,
C*03:92,
C*03:93,
C*03:94,I
C*03:95,
C*03:98,
C*03:103,WD
C*03:104,
C*03:108,
C*03:109,WD
C*03:112,
C*03:113 total,WD
C*03:113,
C*03:113:01,
C*03:114,
C*03:115,WD
C*03:116 total,WD
C*03:116:01,WD
C*03:117,WD
C*03:120,WD
C*03:121N,
C*03:122,WD
C*03:123,
C*03:126,WD
C*03:127,WD
C*03:129,
C*03:130,
C*03:132,
C*03:135,
C*03:136,WD
C*03:137,
C*03:139,WD
C*03:140,WD
C*03:141,
C*03:143,I
C*03:145,
C*03:147,WD
C*03:148,WD
C*03:149,
C*03:150,
C*03:151,WD
C*03:152,
C*03:153,I
C*03:154,WD
C*03:155,
C*03:156,
C*03:158,
C*03:159,WD
C*03:160,
C*03:161,
C*03:163,
C*03:165,
C*03:166,
C*03:170,
C*03:172,
C*03:173,
C*03:174,
C*03:175,
C*03:176,
C*03:177,
C*03:178,
C*03:180,
C*03:184 total,
C*03:184,
C*03:186 total,
C*03:186,
C*03:187,
C*03:188,
C*03:189N,
C*03:191,
C*03:193,
C*03:197,
C*03:198,
C*03:210,
C*03:214,
C*03:215,
C*03:216,
C*03:217,
C*03:220,
C*03:222,
C*03:233,
C*03:243,
C*03:244Q,
C*03:247,
C*03:248,
C*03:250,
C*03:251,WD
C*03:255,
C*03:257,
C*03:258,WD
C*03:259,
C*03:263 total,
C*03:263,
C*03:264,
C*03:269,
C*03:271,
C*03:272,
C*03:274,
C*03:275,
C*03:278,
C*03:282,
C*03:283,
C*03:286,
C*03:291,
C*03:296,
C*03:297,
C*03:298,
C*03:301,
C*03:305,
C*03:307,
C*03:308,
C*03:309,
C*03:316N,
C*03:317,
C*03:339,
C*03:CODE,N/A
C*04:01 total,C
C*04:01,C
C*04:01P,C
C*04:01:01G total,C
C*04:01:01G,C
C*04:01:01,C
C*04:01:01:01,C
C*04:01:01:02,
C*04:01:01:05,C
C*04:01:01:06,C
C*04:01:01:08,WD
C*04:01:01:10,
C*04:01:01:12,WD
C*04:01:78,
C*04:01:79,WD
C*04:09N,C
C*04:30,WD
C*04:41,
C*04:82,C
C*04:144,WD
C*04:146,
C*04:161,
C*04:195,
C*04:226,
C*04:267,
C*04:01:02,
C*04:01:03,I
C*04:01:04,WD
C*04:01:07,
C*04:01:08,WD
C*04:01:09,WD
C*04:01:10,I
C*04:01:11,
C*04:01:12,
C*04:01:13,WD
C*04:01:14,WD
C*04:01:15,WD
C*04:01:16,WD
C*04:01:20,
C*04:01:21,
C*04:01:22,
C*04:01:23,WD
C*04:01:24,
C*04:01:25,
C*04:01:26,
C*04:01:27,
C*04:01:28,I
C*04:01:29,WD
C*04:01:30,WD
C*04:01:33,I
C*04:01:34,
C*04:01:37,
C*04:01:39,
C*04:01:41,WD
C*04:01:43,
C*04:01:44,
C*04:01:46,
C*04:01:47,
C*04:01:48,
C*04:01:49,
C*04:01:50,
C*04:01:52,
C*04:01:55,
C*04:01:56,
C*04:01:60,
C*04:01:61,
C*04:01:63,
C*04:01:64,
C*04:01:65,
C*04:01:66,
C*04:01:67,
C*04:01:75,
C*04:01:80,
C*04:01:81,
C*04:03 total,C
C*04:03,C
C*04:03P,
C*04:03:01G total,C
C*04:03:01G,C
C*04:03:01,C
C*04:03:02,
C*04:04 total,C
C*04:04,C
C*04:04:01G total,C
C*04:04:01G,I
C*04:04:01,C
C*04:04:01:01,WD
C*04:04:01:02,
C*04:04:02,I
C*04:05,WD
C*04:06 total,C
C*04:06,C
C*04:06:01,WD
C*04:07,C
C*04:08,C
C*04:10,C
C*04:11,WD
C*04:12,WD
C*04:13,C
C*04:14,WD
C*04:15 total,WD
C*04:15,WD
C*04:15:01,WD
C*04:15:02,WD
C*04:16,WD
C*04:17,I
C*04:19,C
C*04:20,
C*04:23,WD
C*04:24,WD
C*04:25,
C*04:26,I
C*04:27,C
C*04:29,WD
C*04:32,WD
C*04:33,WD
C*04:34,WD
C*04:35,
C*04:36,WD
C*04:37,WD
C*04:39,WD
C*04:40,WD
C*04:42 total,
C*04:42:02,
C*04:43,
C*04:45,WD
C*04:46,I
C*04:47,WD
C*04:48,
C*04:49,
C*04:50,
C*04:52,WD
C*04:53,
C*04:54,WD
C*04:55,WD
C*04:56,WD
C*04:58,
C*04:59Q,WD
C*04:61,
C*04:62,
C*04:63,WD
C*04:64 total,
C*04:64:02,
C*04:65,WD
C*04:66,
C*04:67,
C*04:69,
C*04:70,WD
C*04:71,WD
C*04:72,
C*04:73,
C*04:75,WD
C*04:77,WD
C*04:78,
C*04:81,
C*04:83,
C*04:85,
C*04:86,WD
C*04:87,WD
C*04:88N,
C*04:89,
C*04:90,
C*04:91,
C*04:93N,WD
C*04:94 total,
C*04:94:01,
C*04:95N,WD
C*04:96,WD
C*04:97,
C*04:98 total,
C*04:98:02,
C*04:99,
C*04:102,
C*04:104,WD
C*04:105N,
C*04:107,
C*04:108,WD
C*04:109,
C*04:110,
C*04:112,
C*04:113,WD
C*04:114,WD
C*04:116,
C*04:117,
C*04:118,WD
C*04:120,
C*04:121,WD
C*04:122,
C*04:123N,
C*04:124,
C*04:125,WD
C*04:126,
C*04:127,
C*04:128,
C*04:130,
C*04:131,WD
C*04:132,WD
C*04:133,
C*04:134,
C*04:137,
C*04:138,
C*04:139,WD
C*04:141,WD
C*04:142,
C*04:143,
C*04:145,
C*04:150,WD
C*04:153,WD
C*04:155,WD
C*04:163,WD
C*04:166,
C*04:169,
C*04:171,
C*04:172,
C*04:173N,
C*04:177,
C*04:178,
C*04:180 total,WD
C*04:180,WD
C*04:180:01,
C*04:180:02,
C*04:181,
C*04:182,
C*04:185,
C*04:186,
C*04:188,
C*04:191N,
C*04:193,
C*04:194,
C*04:197,
C*04:200,
C*04:202,
C*04:204,WD
C*04:205N,
C*04:206,
C*04:207,WD
C*04:209,WD
C*04:210,
C*04:213,
C*04:214,
C*04:215N,
C*04:217N,
C*04:218,WD
C*04:221,
C*04:236N,
C*04:239,
C*04:261,
C*04:CODE,N/A
C*05:01 total,C
C*05:01,C
C*05:01P,I
C*05:01:01G total,C
C*05:01:01G,C
C*05:01:01,C
C*05:01:01:01,C
C*05:01:01:02,C
C*05:01:01:04,
C*05:01:01:05,
C*05:01:01:08,I
C*05:01:01:09,
C*05:01:04,
C*05:01:05,WD
C*05:01:15,WD
C*05:03,
C*05:37,I
C*05:53,WD
C*05:93,
C*05:108,WD
C*05:01:02,WD
C*05:01:03,WD
C*05:01:07,WD
C*05:01:08,I
C*05:01:09,
C*05:01:11,WD
C*05:01:12,
C*05:01:16,WD
C*05:01:17,WD
C*05:01:19,
C*05:01:20,WD
C*05:01:21,
C*05:01:22,
C*05:01:23,
C*05:01:24,WD
C*05:01:27,WD
C*05:01:28,
C*05:01:30,
C*05:04 total,I
C*05:04,I
C*05:04:01,I
C*05:04:02,
C*05:05 total,I
C*05:05,I
C*05:05:01,WD
C*05:06,WD
C*05:07N,I
C*05:08,I
C*05:09 total,C
C*05:09,I
C*05:09:01,C
C*05:09:03,
C*05:10,WD
C*05:11,WD
C*05:13,WD
C*05:14,I
C*05:15,WD
C*05:16,WD
C*05:17,
C*05:18 total,WD
C*05:18,WD
C*05:18:01,WD
C*05:18:03,
C*05:19,WD
C*05:20,
C*05:21,
C*05:22 total,WD
C*05:22,WD
C*05:22:01,WD
C*05:22:02,WD
C*05:24,WD
C*05:25,
C*05:26,WD
C*05:27,WD
C*05:28,WD
C*05:29 total,WD
C*05:29,WD
C*05:29:01,WD
C*05:30,
C*05:32,WD
C*05:33,WD
C*05:34,WD
C*05:35,WD
C*05:36,WD
C*05:38,
C*05:39,WD
C*05:41,
C*05:42,
C*05:43,WD
C*05:44 total,WD
C*05:44:01,
C*05:44:02,WD
C*05:46,WD
C*05:47,WD
C*05:49,
C*05:51Q,WD
C*05:52,
C*05:55,WD
C*05:58 total,
C*05:58:02,
C*05:59,
C*05:60,
C*05:61,
C*05:63,
C*05:64 total,
C*05:64,
C*05:64:02,
C*05:65,WD
C*05:67,WD
C*05:68,
C*05:74,
C*05:75,
C*05:76,
C*05:77,WD
C*05:80,WD
C*05:81,
C*05:82,
C*05:84,
C*05:87,
C*05:89,
C*05:91N,
C*05:97,WD
C*05:98,WD
C*05:99N,WD
C*05:100,
C*05:103 total,
C*05:103P,
C*05:104,WD
C*05:105,
C*05:109,
C*05:111,WD
C*05:113N,
C*05:116,
C*05:118,
C*05:120,
C*05:121,
C*05:122,
C*05:128N,
C*05:131,
C*05:132,
C*05:CODE,N/A
C*06:02 total,C
C*06:02,C
C*06:02P,C
C*06:02:01G total,C
C*06:02:01G,C
C*06:02:01,C
C*06:02:01:01,C
C*06:02:01:02,C
C*06:02:01:03,C
C*06:02:01:08,WD
C*06:02:03,WD
C*06:02:29,
C*06:73,
C*06:146,
C*06:176,
C*06:02:04,
C*06:02:05,WD
C*06:02:06,WD
C*06:02:07,I
C*06:02:08,WD
C*06:02:09,
C*06:02:11,
C*06:02:12,WD
C*06:02:14,
C*06:02:15,
C*06:02:16,
C*06:02:17,
C*06:02:18,WD
C*06:02:20,WD
C*06:02:22,WD
C*06:02:25,
C*06:02:26,
C*06:02:27,
C*06:02:31,
C*06:02:33,WD
C*06:02:37,WD
C*06:02:38,C
C*06:02:39,
C*06:02:40,
C*06:02:43,
C*06:02:44,
C*06:02:45,
C*06:02:46,
C*06:17,WD
C*06:03 total,WD
C*06:03,WD
C*06:03:01,WD
C*06:03:02,WD
C*06:04 total,I
C*06:04,I
C*06:04:01,WD
C*06:04:02,
C*06:06,C
C*06:07,I
C*06:08,C
C*06:09,C
C*06:10,WD
C*06:11,WD
C*06:12,WD
C*06:13,WD
C*06:14,WD
C*06:15,
C*06:16N,WD
C*06:18,I
C*06:19,
C*06:20,
C*06:22,
C*06:23,WD
C*06:25,
C*06:26,WD
C*06:27,C
C*06:28,WD
C*06:30,WD
C*06:32,WD
C*06:34 total,WD
C*06:34,WD
C*06:34:01,WD
C*06:34:02,
C*06:35,I
C*06:36,
C*06:37,WD
C*06:38,WD
C*06:39,WD
C*06:41,
C*06:42 total,
C*06:42:01,
C*06:43 total,
C*06:43,
C*06:43:02,
C*06:44,
C*06:47,WD
C*06:49N,
C*06:50,WD
C*06:51,
C*06:52,
C*06:53 total,WD
C*06:53,
C*06:53:01,WD
C*06:53:02,
C*06:54,WD
C*06:58,WD
C*06:59,WD
C*06:60,
C*06:61,
C*06:62,
C*06:63,
C*06:64,
C*06:65,WD
C*06:66,WD
C*06:67,
C*06:69,
C*06:70 total,WD
C*06:70,
C*06:70:01,WD
C*06:71,WD
C*06:75,
C*06:76 total,
C*06:76:01,
C*06:76:02,
C*06:77,
C*06:78,
C*06:79N,I
C*06:80,
C*06:81,
C*06:82,
C*06:84,
C*06:85,
C*06:86,WD
C*06:87,WD
C*06:89,
C*06:90,
C*06:91,WD
C*06:92,
C*06:95,
C*06:96,WD
C*06:97,
C*06:98,
C*06:101,
C*06:103,
C*06:104,
C*06:106 total,
C*06:106:01,
C*06:106:02,
C*06:113,
C*06:115,WD
C*06:122,
C*06:124,
C*06:125,
C*06:126,
C*06:127 total,I
C*06:127,WD
C*06:127:01G total,I
C*06:127:01G,I
C*06:127:01,WD
C*06:127:01:01,
C*06:127:02,
C*06:128N,
C*06:129,
C*06:131,
C*06:132 total,
C*06:132:01,
C*06:133,
C*06:136,
C*06:138,WD
C*06:139,
C*06:140,
C*06:142,
C*06:144,
C*06:148,
C*06:150,
C*06:151,
C*06:152N,
C*06:155 total,
C*06:155:01G total,
C*06:155:01,
C*06:158,
C*06:162,
C*06:164,
C*06:174,
C*06:177,
C*06:185,
C*06:189,
C*06:203,
C*06:CODE,N/A
C*07:01 total,C
C*07:01,C
C*07:01P,C
C*07:01:01G total,C
C*07:01:01G,C
C*07:01:01,C
C*07:01:01:01,C
C*07:01:01:02,WD
C*07:01:01:04,C
C*07:01:01:05,
C*07:01:01:06,I
C*07:01:01:08,WD
C*07:01:01:09,I
C*07:01:01:15,
C*07:01:01:17,
C*07:01:01:18,
C*07:01:01:19,
C*07:01:02,C
C*07:01:09,I
C*07:06 total,C
C*07:06,C
C*07:18,C
C*07:52,
C*07:337,
C*07:419,
C*07:01:03,C
C*07:01:04,WD
C*07:01:05,WD
C*07:01:06,
C*07:01:07,WD
C*07:01:08,I
C*07:01:10,WD
C*07:01:12,WD
C*07:01:14,
C*07:01:15,WD
C*07:01:16,
C*07:01:17,
C*07:01:18,I
C*07:01:20G total,
C*07:01:20G,
C*07:01:23,I
C*07:01:24,WD
C*07:01:25,WD
C*07:01:26,
C*07:01:28,WD
C*07:01:29,
C*07:01:30,WD
C*07:01:31,WD
C*07:01:32,
C*07:01:34,
C*07:01:35,
C*07:01:36,
C*07:01:38,
C*07:01:40,
C*07:01:42,
C*07:01:43,
C*07:01:44,
C*07:01:45,
C*07:01:46,
C*07:01:47,WD
C*07:01:48,
C*07:01:49,
C*07:01:50,
C*07:01:51,
C*07:01:53,
C*07:01:57,
C*07:453,
C*07:02 total,C
C*07:02,C
C*07:02P,I
C*07:02:01G total,C
C*07:02:01G,C
C*07:02:01,C
C*07:02:01:01,C
C*07:02:01:03,C
C*07:02:01:05,I
C*07:02:01:07,
C*07:02:01:10,
C*07:02:01:12,
C*07:02:01:13,
C*07:02:01:16,
C*07:02:23,
C*07:02:53,WD
C*07:02:60,
C*07:02:70,
C*07:02:79,
C*07:50,
C*07:66,I
C*07:74,I
C*07:160,
C*07:308,
C*07:359,I
C*07:500,
C*07:02:02,WD
C*07:02:03,
C*07:02:04,WD
C*07:02:06,I
C*07:02:07,WD
C*07:02:08,I
C*07:02:09,
C*07:02:10,I
C*07:02:11,WD
C*07:02:12,
C*07:02:13,WD
C*07:02:14,WD
C*07:02:16,WD
C*07:02:18,WD
C*07:02:20,I
C*07:02:22,
C*07:02:24,WD
C*07:02:27,
C*07:02:28,WD
C*07:02:30,
C*07:02:31,
C*07:02:32,WD
C*07:02:35,
C*07:02:36,WD
C*07:02:37,
C*07:02:39,WD
C*07:02:40,
C*07:02:41,
C*07:02:42,
C*07:02:44,
C*07:02:46,
C*07:02:49,
C*07:02:52,
C*07:02:54,WD
C*07:02:55,WD
C*07:02:58,
C*07:02:62,
C*07:02:65,
C*07:02:67,
C*07:02:69,
C*07:02:74,
C*07:02:76,
C*07:04 total,C
C*07:04,I
C*07:04P,I
C*07:04:01G total,C
C*07:04:01G,C
C*07:04:01,C
C*07:04:01:01,C
C*07:04:01:03,
C*07:04:02G total,WD
C*07:04:02,WD
C*07:04:03,
C*07:04:04,I
C*07:04:05,
C*07:04:06,WD
C*07:04:08,
C*07:04:09,
C*07:04:10,
C*07:04:11,
C*07:05,C
C*07:07,I
C*07:08,
C*07:09,WD
C*07:10,I
C*07:12,I
C*07:13,I
C*07:15,I
C*07:16,I
C*07:17 total,C
C*07:17,C
C*07:17:01,C
C*07:17:02,
C*07:19,C
C*07:21,I
C*07:22,I
C*07:24,WD
C*07:25,I
C*07:26 total,C
C*07:26,C
C*07:26:01,C
C*07:26:02,
C*07:27 total,C
C*07:27,WD
C*07:27:01,C
C*07:27:02,WD
C*07:28,WD
C*07:29 total,C
C*07:29,C
C*07:29P,
C*07:29:01,C
C*07:29:02,
C*07:31 total,WD
C*07:31,
C*07:31:01,WD
C*07:31:02,
C*07:32N,WD
C*07:33N,WD
C*07:35,C
C*07:36,I
C*07:37,WD
C*07:38 total,WD
C*07:38,WD
C*07:38:01,WD
C*07:39,WD
C*07:40,I
C*07:41,
C*07:43 total,I
C*07:43,I
C*07:43:01,
C*07:44,WD
C*07:45,
C*07:46,I
C*07:48,I
C*07:49,WD
C*07:51,WD
C*07:53,
C*07:54,WD
C*07:55N,WD
C*07:56 total,I
C*07:56,
C*07:56:01,
C*07:56:02,I
C*07:57,WD
C*07:60,I
C*07:61N,WD
C*07:63,I
C*07:65,
C*07:67,
C*07:68,I
C*07:70,WD
C*07:71,
C*07:72,WD
C*07:73,WD
C*07:75,WD
C*07:76 total,WD
C*07:76,WD
C*07:76:01,WD
C*07:76:02,WD
C*07:77,
C*07:78 total,
C*07:78:02,
C*07:79,WD
C*07:80,WD
C*07:81,
C*07:82,
C*07:83,WD
C*07:85,WD
C*07:87,
C*07:88,WD
C*07:89,WD
C*07:90,WD
C*07:91,WD
C*07:92,WD
C*07:93,WD
C*07:95,WD
C*07:96 total,WD
C*07:96,WD
C*07:96:01,WD
C*07:97,WD
C*07:98N,
C*07:99,
C*07:100,WD
C*07:101,WD
C*07:102,WD
C*07:103,
C*07:104N,WD
C*07:105,WD
C*07:106,WD
C*07:108 total,WD
C*07:108:01,WD
C*07:108:02,WD
C*07:109 total,
C*07:109,
C*07:110,
C*07:111,
C*07:112,WD
C*07:113,
C*07:114,WD
C*07:116,WD
C*07:117,WD
C*07:118,WD
C*07:119,WD
C*07:120,WD
C*07:121Q,WD
C*07:122,WD
C*07:123,WD
C*07:124,WD
C*07:125,
C*07:126,WD
C*07:127,WD
C*07:128,WD
C*07:129,
C*07:130,WD
C*07:131 total,
C*07:131,
C*07:132,
C*07:133,
C*07:134,
C*07:135,
C*07:137 total,WD
C*07:137,
C*07:137:01,
C*07:137:02,WD
C*07:138,WD
C*07:139,
C*07:140,
C*07:141 total,WD
C*07:141:01,
C*07:141:02,WD
C*07:142,
C*07:143,WD
C*07:145,
C*07:146,
C*07:147,WD
C*07:148,WD
C*07:149,WD
C*07:150Q,
C*07:151,WD
C*07:154,WD
C*07:155,WD
C*07:163,
C*07:165,WD
C*07:168,
C*07:169,
C*07:170,
C*07:171,
C*07:172 total,WD
C*07:172,WD
C*07:172:01,WD
C*07:173,WD
C*07:175,
C*07:176,
C*07:177,
C*07:178,
C*07:179,WD
C*07:180,WD
C*07:181,WD
C*07:182,
C*07:184,WD
C*07:185,
C*07:186,
C*07:189,
C*07:191N,
C*07:192,WD
C*07:194,
C*07:196,WD
C*07:198N,WD
C*07:199 total,WD
C*07:199:01,WD
C*07:199:02,WD
C*07:200,
C*07:201,
C*07:202,
C*07:204 total,
C*07:204P,
C*07:204:01,
C*07:205,WD
C*07:206,WD
C*07:207,
C*07:209,WD
C*07:211,
C*07:212,WD
C*07:213,
C*07:214,WD
C*07:215,
C*07:216,
C*07:218,WD
C*07:222,WD
C*07:223,WD
C*07:224,WD
C*07:226,
C*07:227N,WD
C*07:229,
C*07:231,
C*07:232,I
C*07:234,WD
C*07:238,
C*07:240,
C*07:241,WD
C*07:242,WD
C*07:243,WD
C*07:244,
C*07:246 total,
C*07:246,
C*07:247,WD
C*07:248,
C*07:249,
C*07:250,WD
C*07:252,WD
C*07:254,
C*07:255,
C*07:256,WD
C*07:257 total,WD
C*07:257,
C*07:257:01,
C*07:257:02,
C*07:257:03,
C*07:257:04,
C*07:258,
C*07:259,
C*07:260 total,
C*07:260,
C*07:261,WD
C*07:262,WD
C*07:264N,
C*07:266,
C*07:269,
C*07:273,
C*07:276,
C*07:278,
C*07:279,WD
C*07:280,
C*07:283,
C*07:285,WD
C*07:286,
C*07:287,WD
C*07:288,
C*07:289,
C*07:292,
C*07:293,WD
C*07:294,
C*07:296,
C*07:298,WD
C*07:301,WD
C*07:303,WD
C*07:304,
C*07:306,
C*07:307,
C*07:309,
C*07:311,
C*07:312,WD
C*07:314 total,WD
C*07:314,
C*07:314:01,
C*07:314:02,
C*07:317,
C*07:319,
C*07:322,
C*07:325,
C*07:326,WD
C*07:327,
C*07:328,
C*07:329N,
C*07:330 total,
C*07:330,
C*07:330:01,
C*07:331,
C*07:333,
C*07:335,WD
C*07:336,
C*07:338,
C*07:339,I
C*07:340,I
C*07:342,
C*07:351,
C*07:352,
C*07:353,
C*07:354,
C*07:356,
C*07:357,
C*07:358,
C*07:360,WD
C*07:361,
C*07:363,
C*07:365,
C*07:366,
C*07:368 total,WD
C*07:368,
C*07:368:01,
C*07:368:02,
C*07:369,WD
C*07:370,
C*07:376,
C*07:378,
C*07:379,
C*07:381,
C*07:384,
C*07:386,
C*07:387,
C*07:390,
C*07:391,WD
C*07:393N,
C*07:394,
C*07:396,
C*07:397,
C*07:399,
C*07:400,
C*07:401,
C*07:406,
C*07:408,
C*07:409,WD
C*07:411,
C*07:412,
C*07:413,
C*07:415,
C*07:417,
C*07:418,
C*07:420,
C*07:428,
C*07:429,
C*07:433,
C*07:434,
C*07:438,
C*07:439,
C*07:441 total,
C*07:441,
C*07:442,
C*07:443,
C*07:444,
C*07:447,
C*07:448,
C*07:450,WD
C*07:452N,WD
C*07:455,
C*07:456,
C*07:457,
C*07:463,
C*07:464,
C*07:465,
C*07:470,
C*07:473,
C*07:476N,
C*07:480,
C*07:483N,
C*07:484N,
C*07:485,
C*07:488,
C*07:490,
C*07:491N total,
C*07:491:02N,
C*07:493,
C*07:496,
C*07:498,
C*07:504,
C*07:506,
C*07:508,
C*07:514,
C*07:519,
C*07:525,
C*07:528,
C*07:529,
C*07:541,
C*07:543,
C*07:548,
C*07:550,
C*07:552,
C*07:555,
C*07:558,
C*07:563,
C*07:573,
C*07:CODE,N/A
C*08:01 total,C
C*08:01,WD
C*08:01P,WD
C*08:01:01G total,C
C*08:01:01G,C
C*08:01:01,C
C*08:01:03,
C*08:01:13,
C*08:20,
C*08:22,C
C*08:24,WD
C*08:99,
C*08:148,
C*08:01:02,WD
C*08:01:06,
C*08:01:07,WD
C*08:01:08,
C*08:01:14,
C*08:01:16,
C*08:01:18,
C*08:02 total,C
C*08:02,C
C*08:02P,I
C*08:02:01G total,C
C*08:02:01G,C
C*08:02:01,C
C*08:02:01:01,C
C*08:02:01:02,C
C*08:110,
C*08:02:02,WD
C*08:02:04,WD
C*08:02:06,WD
C*08:02:07,
C*08:02:08,WD
C*08:02:09,
C*08:02:10,
C*08:02:11,
C*08:03 total,C
C*08:03,WD
C*08:03P,
C*08:03:01G total,C
C*08:03:01G,C
C*08:03:01,C
C*08:04 total,C
C*08:04,C
C*08:04:01,C
C*08:04:02,WD
C*08:05,I
C*08:06,C
C*08:07,WD
C*08:08 total,I
C*08:08,I
C*08:08:01,I
C*08:10,C
C*08:11,I
C*08:12,WD
C*08:13,I
C*08:15 total,WD
C*08:15,WD
C*08:15:01,WD
C*08:15:02,
C*08:16 total,
C*08:16:01,
C*08:16:02,
C*08:19 total,
C*08:19,
C*08:21,
C*08:23,WD
C*08:25,WD
C*08:26N,
C*08:27,
C*08:28,WD
C*08:29,
C*08:30,WD
C*08:31,
C*08:32,WD
C*08:33 total,WD
C*08:33,
C*08:33:01,
C*08:33:02,
C*08:33:03,
C*08:34,
C*08:35,I
C*08:37,
C*08:41,
C*08:43,WD
C*08:50,WD
C*08:51,WD
C*08:53,WD
C*08:54,WD
C*08:55N,
C*08:56,
C*08:57,
C*08:62,
C*08:63,
C*08:66,
C*08:68,
C*08:69,
C*08:72 total,
C*08:72,
C*08:72:01,
C*08:72:02,
C*08:73,
C*08:74,
C*08:76,WD
C*08:90,
C*08:91,
C*08:92,WD
C*08:93,
C*08:94,
C*08:95,
C*08:103,WD
C*08:107,
C*08:109,
C*08:114,
C*08:115,
C*08:116,
C*08:117,
C*08:119,
C*08:122,
C*08:127N,WD
C*08:CODE,N/A
C*12:02 total,C
C*12:02,C
C*12:02P,WD
C*12:02:01G total,C
C*12:02:01G,C
C*12:02:01,WD
C*12:02:02,C
C*12:02:02:01,WD
C*12:02:02:03,
C*12:02:03,WD
C*12:02:04,WD
C*12:02:06,
C*12:02:07,
C*12:02:08,WD
C*12:02:09,
C*12:02:11,
C*12:02:13,
C*12:02:14,
C*12:03 total,C
C*12:03,C
C*12:03P,C
C*12:03:01G total,C
C*12:03:01G,C
C*12:03:01,C
C*12:03:01:01,C
C*12:03:01:02,C
C*12:03:01:07,
C*12:03:01:08,
C*12:03:01:09,
C*12:03:06,I
C*12:23,I
C*12:109,
C*12:125,
C*12:143,WD
C*12:160,
C*12:167,WD
C*12:03:03,WD
C*12:03:04,WD
C*12:03:05,WD
C*12:03:08,C
C*12:03:09,WD
C*12:03:10,WD
C*12:03:11,WD
C*12:03:12,
C*12:03:13,
C*12:03:15,WD
C*12:03:17,WD
C*12:03:18,WD
C*12:03:19,
C*12:03:20,
C*12:03:21,
C*12:03:22,
C*12:03:23,
C*12:03:25,
C*12:03:26,WD
C*12:03:27,
C*12:03:29,WD
C*12:03:32,
C*12:03:34G total,
C*12:03:34G,
C*12:03:34,
C*12:03:35,WD
C*12:03:37,
C*12:03:41,
C*12:04 total,C
C*12:04,I
C*12:04:01,WD
C*12:04:02,C
C*12:05,C
C*12:06,WD
C*12:07,WD
C*12:08,WD
C*12:09,C
C*12:11,WD
C*12:12,C
C*12:13,I
C*12:14 total,WD
C*12:14:01,WD
C*12:181,
C*12:15,
C*12:16,I
C*12:18 total,I
C*12:18,WD
C*12:18:01,I
C*12:18:02,
C*12:19,WD
C*12:20,WD
C*12:21,WD
C*12:24,WD
C*12:25,
C*12:27,WD
C*12:28,WD
C*12:29,
C*12:30,I
C*12:33,WD
C*12:34,I
C*12:35,
C*12:36,
C*12:38,I
C*12:40,WD
C*12:41,I
C*12:42Q,WD
C*12:43,WD
C*12:45,WD
C*12:46N,
C*12:47,WD
C*12:48,WD
C*12:49,
C*12:50,
C*12:51,
C*12:54,WD
C*12:57 total,
C*12:57,
C*12:58,
C*12:59,WD
C*12:60,I
C*12:61,WD
C*12:62,WD
C*12:64,WD
C*12:67,WD
C*12:68,
C*12:71,
C*12:72,I
C*12:73,
C*12:77,
C*12:78,WD
C*12:82,
C*12:85,
C*12:86,WD
C*12:87,
C*12:90,WD
C*12:92,
C*12:94,
C*12:98,WD
C*12:99 total,WD
C*12:99,WD
C*12:99:01,WD
C*12:100,
C*12:101,I
C*12:103,
C*12:119,
C*12:128,
C*12:129,
C*12:130,
C*12:132,
C*12:134,
C*12:135,
C*12:136,WD
C*12:137,
C*12:139,WD
C*12:144,
C*12:146,
C*12:147,
C*12:149,WD
C*12:153,
C*12:155Q,
C*12:156,
C*12:157,
C*12:158,
C*12:159,
C*12:162,WD
C*12:164,
C*12:165,
C*12:168,
C*12:175,
C*12:176,
C*12:178,
C*12:185,
C*12:188,
C*12:195 total,
C*12:195:02,
C*12:198,
C*12:CODE,N/A
C*14:02 total,C
C*14:02,C
C*14:02P,I
C*14:02:01G total,C
C*14:02:01G,C
C*14:02:01,C
C*14:02:01:01,C
C*14:02:01:02,C
C*14:02:07,
C*14:02:15,
C*14:31,
C*14:02:02,I
C*14:02:03,C
C*14:02:04,WD
C*14:02:05,WD
C*14:02:06,
C*14:02:08,
C*14:02:09,
C*14:02:17,WD
C*14:02:19,
C*14:11,I
C*14:03 total,C
C*14:03:01G total,C
C*14:03,C
C*14:03P,
C*14:03:01G,C
C*14:04,I
C*14:05,I
C*14:06,I
C*14:07N,
C*14:10,WD
C*14:12,I
C*14:13,
C*14:14,
C*14:15,
C*14:17,
C*14:18,WD
C*14:24 total,I
C*14:24,
C*14:24:01,
C*14:24:02,I
C*14:25,WD
C*14:26,
C*14:27,
C*14:28 total,
C*14:28:02,
C*14:29,WD
C*14:32,WD
C*14:37,
C*14:39,
C*14:40,
C*14:41,WD
C*14:43,
C*14:44,
C*14:46 total,
C*14:46,
C*14:47N,
C*14:49,
C*14:50,WD
C*14:51,
C*14:55,
C*14:63,
C*14:64,
C*14:66,I
C*14:67,WD
C*14:69,
C*14:74,
C*14:76,
C*14:81,
C*14:CODE,N/A
C*15:02 total,C
C*15:02,C
C*15:02P,I
C*15:02:01G total,C
C*15:02:01G,C
C*15:02:01,C
C*15:02:01:01,C
C*15:02:01:02,C
C*15:02:01:03,I
C*15:02:01:04,
C*15:02:01:06,WD
C*15:02:01:07,
C*15:02:07,WD
C*15:02:19,
C*15:13 total,C
C*15:13,C
C*15:13:01:01,WD
C*15:13:01:02,
C*15:87,
C*15:97,
C*15:02:02,I
C*15:02:03,WD
C*15:02:04,
C*15:02:05,WD
C*15:02:08,
C*15:02:10,WD
C*15:02:11,
C*15:02:13,
C*15:02:14,
C*15:02:20,
C*15:02:22,
C*15:02:23,WD
C*15:02:24,
C*15:02:25,
C*15:03,I
C*15:04 total,C
C*15:04,C
C*15:04P,
C*15:04:01G total,C
C*15:04:01G,C
C*15:04:01,C
C*15:05 total,C
C*15:05,C
C*15:05P,I
C*15:05:01G total,C
C*15:05:01G,C
C*15:05:01,C
C*15:05:02,C
C*15:05:03,C
C*15:29,
C*15:05:04,
C*15:05:06,WD
C*15:05:07,WD
C*15:05:08,WD
C*15:05:09,
C*15:06 total,C
C*15:06,C
C*15:06P,WD
C*15:06:01,C
C*15:06:02,WD
C*15:06:03,WD
C*15:07,C
C*15:08,I
C*15:09,C
C*15:10 total,I
C*15:10:02,I
C*15:10:03,
C*15:11,I
C*15:12,
C*15:15,WD
C*15:16,I
C*15:17,I
C*15:22,C
C*15:23,WD
C*15:24,WD
C*15:25,WD
C*15:26,WD
C*15:27,I
C*15:28,
C*15:30,WD
C*15:32Q,I
C*15:33,
C*15:34,
C*15:35,
C*15:36,
C*15:37,
C*15:38,WD
C*15:39,
C*15:40,WD
C*15:41,
C*15:42,I
C*15:43,
C*15:44 total,WD
C*15:44,WD
C*15:44:01,
C*15:45,
C*15:46,
C*15:48,
C*15:51,
C*15:52,WD
C*15:54,
C*15:56,
C*15:57,WD
C*15:58,I
C*15:59,
C*15:60,
C*15:61,
C*15:62,
C*15:63,
C*15:66,
C*15:68,WD
C*15:69,
C*15:72,WD
C*15:73,
C*15:74,
C*15:76,
C*15:77,
C*15:78 total,
C*15:78,
C*15:79,
C*15:80,
C*15:85,WD
C*15:88,
C*15:89,
C*15:90,
C*15:91,
C*15:92N,
C*15:93,
C*15:94,
C*15:101,
C*15:102,WD
C*15:103 total,
C*15:103:01G total,
C*15:103,
C*15:105Q,
C*15:107,
C*15:109,
C*15:111,
C*15:112,
C*15:113,
C*15:115N,
C*15:119,
C*15:122N,WD
C*15:124,WD
C*15:126,
C*15:129,
C*15:CODE,N/A
C*16:01 total,C
C*16:01,C
C*16:01P,I
C*16:01:01G total,C
C*16:01:01G,C
C*16:01:01,C
C*16:01:01:01,WD
C*16:01:01:02,
C*16:01:01:03,
C*16:58,
C*16:97,
C*16:01:02,
C*16:01:04,I
C*16:01:05,
C*16:01:07,
C*16:01:08,
C*16:01:09,
C*16:01:10,
C*16:01:12,
C*16:01:13,
C*16:01:14,
C*16:01:15,WD
C*16:01:18,
C*16:01:19,
C*16:01:20,
C*16:01:22,
C*16:02 total,C
C*16:02,C
C*16:02P,I
C*16:02:01G total,C
C*16:02:01G,C
C*16:02:01,C
C*16:02:02,
C*16:02:03,
C*16:02:04,WD
C*16:02:05,WD
C*16:02:07,
C*16:02:08,
C*16:02:11,
C*16:02:12,
C*16:04 total,C
C*16:04,C
C*16:04P,WD
C*16:04:01G total,C
C*16:04:01G,C
C*16:04:01,C
C*16:04:01:01,I
C*16:04:01:02,
C*16:04:03,
C*16:06,
C*16:07 total,WD
C*16:07,WD
C*16:07:01,WD
C*16:07:02,WD
C*16:08,WD
C*16:09,I
C*16:10,
C*16:12,I
C*16:13,WD
C*16:14,WD
C*16:15 total,C
C*16:15,
C*16:15:01,C
C*16:16Q,WD
C*16:18,WD
C*16:19,I
C*16:20,
C*16:21,WD
C*16:22,WD
C*16:24,WD
C*16:25,WD
C*16:26,WD
C*16:27,
C*16:30N,I
C*16:33,WD
C*16:35,
C*16:37,WD
C*16:38,WD
C*16:39 total,
C*16:39:01,
C*16:40,
C*16:42,
C*16:43,
C*16:45,
C*16:46,WD
C*16:49,
C*16:50,WD
C*16:51,
C*16:52,WD
C*16:53,
C*16:54,
C*16:56,
C*16:59,
C*16:60,
C*16:61,
C*16:64,
C*16:65,
C*16:69,
C*16:71,
C*16:73,
C*16:74,WD
C*16:76,
C*16:77N,
C*16:78,
C*16:82,
C*16:84,
C*16:85,
C*16:86,
C*16:88,WD
C*16:89N,
C*16:91,
C*16:93,
C*16:CODE,N/A
C*17:01 total,C
C*17:01,C
C*17:01P,I
C*17:01:01G total,C
C*17:01:01G,C
C*17:01:01,C
C*17:01:01:02,C
C*17:01:01:05,C
C*17:02,
C*17:03 total,C
C*17:03,C
C*17:03:01,C
C*17:03:01:01,
C*17:38,
C*17:01:02,
C*17:01:03,WD
C*17:01:04,WD
C*17:01:05,
C*17:01:07,
C*17:01:09,
C*17:01:11,
C*17:04,I
C*17:05,
C*17:07,WD
C*17:09,
C*17:10,
C*17:11,
C*17:14,
C*17:15,
C*17:17,
C*17:18,
C*17:19,
C*17:20,
C*17:21,
C*17:22,
C*17:23,WD
C*17:26,
C*17:28,
C*17:32,
C*17:CODE,N/A
C*18:01 total,C
C*18:01:01G total,C
C*18:01,C
C*18:01P,WD
C*18:01:01G,C
C*18:02,C
C*18:03,WD
C*18:04,WD
C*18:05,
C*18:06,WD
C*18:07N,
C*18:09,
C*18:10,
C*18:CODE,N/A
C*NEW,N/A
C*Total e,
