Allele,Highest Frequency c
DPB1*01:01 total,C
DPB1*01:01,C
DPB1*01:01P,
DPB1*01:01:01G total,C
DPB1*01:01:01G,C
DPB1*01:01:01,C
DPB1*162:01:02,WD
DPB1*417:01,WD
DPB1*462:01,I
DPB1*01:01:02G total,C
DPB1*01:01:02G,C
DPB1*01:01:02,C
DPB1*01:01:03,WD
DPB1*01:01:05,
DPB1*01:01:06,
DPB1*162:01 total,WD
DPB1*162:01,WD
DPB1*01:CODE d,N/A
DPB1*02:01 total,C
DPB1*02:01,C
DPB1*02:01P,WD
DPB1*02:01:02G total,C
DPB1*02:01:02G,C
DPB1*02:01:02,C
DPB1*02:01:02:01,
DPB1*02:01:02:05,
DPB1*02:01:02:10,WD
DPB1*02:01:02:12,
DPB1*02:01:20,
DPB1*141:01,I
DPB1*352:01,WD
DPB1*414:01 total,C
DPB1*414:01,C
DPB1*416:01 total,C
DPB1*416:01,C
DPB1*416:01:01,WD
DPB1*617:01,WD
DPB1*640:01,WD
DPB1*02:01:03,WD
DPB1*02:01:04,C
DPB1*02:01:05,I
DPB1*02:01:06,I
DPB1*02:01:07,WD
DPB1*02:01:08,I
DPB1*02:01:09,I
DPB1*02:01:10,
DPB1*02:01:11,
DPB1*02:01:12,I
DPB1*02:01:13,I
DPB1*02:01:14,
DPB1*02:01:15,WD
DPB1*02:01:16,
DPB1*02:01:18,WD
DPB1*02:01:21,
DPB1*02:02 total,C
DPB1*02:02:01G total,C
DPB1*02:02,C
DPB1*02:02P,
DPB1*02:02:01G,C
DPB1*02:02:01,C
DPB1*02:02:01:01,
DPB1*547:01,WD
DPB1*02:CODE,N/A
DPB1*03:01 total,C
DPB1*03:01,I
DPB1*03:01P,WD
DPB1*03:01:01G total,C
DPB1*03:01:01G,C
DPB1*03:01:01,C
DPB1*03:01:01:04,
DPB1*03:01:08,I
DPB1*104:01 total,C
DPB1*104:01,C
DPB1*104:01:01,C
DPB1*124:01 total,C
DPB1*124:01,C
DPB1*124:01:01,I
DPB1*351:01,WD
DPB1*03:01:02,
DPB1*03:01:03,WD
DPB1*03:01:04,WD
DPB1*03:01:05,
DPB1*03:01:06,WD
DPB1*03:CODE,N/A
DPB1*04:01 total,C
DPB1*04:01,C
DPB1*04:01P,WD
DPB1*04:01:01G total,C
DPB1*04:01:01G,C
DPB1*04:01:01,C
DPB1*04:01:01:01,C
DPB1*04:01:01:02,C
DPB1*04:01:01:03,
DPB1*04:01:01:04,WD
DPB1*04:01:01:06,WD
DPB1*04:01:31,I
DPB1*126:01 total,C
DPB1*126:01,C
DPB1*350:01,C
DPB1*415:01,C
DPB1*459:01,WD
DPB1*464:01,I
DPB1*615:01,
DPB1*04:01:03,I
DPB1*04:01:04G total,C
DPB1*04:01:04G,WD
DPB1*04:01:04,C
DPB1*04:01:05,
DPB1*04:01:06,C
DPB1*04:01:07,C
DPB1*04:01:08,WD
DPB1*04:01:09,WD
DPB1*04:01:10,
DPB1*04:01:11,WD
DPB1*04:01:12,WD
DPB1*04:01:13,WD
DPB1*04:01:14,WD
DPB1*04:01:15,WD
DPB1*04:01:16,WD
DPB1*04:01:18,
DPB1*04:01:19,WD
DPB1*04:01:20,WD
DPB1*04:01:21,WD
DPB1*04:01:22,
DPB1*04:01:23,
DPB1*04:01:24,WD
DPB1*04:01:25,
DPB1*04:01:28,I
DPB1*04:01:29,
DPB1*04:01:30,
DPB1*04:01:32,WD
DPB1*04:02 total,C
DPB1*04:02,C
DPB1*04:02P,WD
DPB1*04:02:01G total,C
DPB1*04:02:01G,C
DPB1*04:02:01,C
DPB1*04:02:01:01,C
DPB1*04:02:01:02,C
DPB1*04:02:01:04,
DPB1*04:02:10,
DPB1*105:01 total,C
DPB1*105:01,C
DPB1*105:01:01,C
DPB1*463:01 total,C
DPB1*463:01,C
DPB1*463:01:01,WD
DPB1*571:01,
DPB1*647:01,WD
DPB1*04:02:03,I
DPB1*04:02:04,
DPB1*04:02:05,WD
DPB1*04:02:06,
DPB1*04:02:07,WD
DPB1*04:02:08,
DPB1*04:CODE,N/A
DPB1*05:01 total,C
DPB1*05:01,C
DPB1*05:01P,WD
DPB1*05:01:01G total,C
DPB1*05:01:01G,C
DPB1*05:01:01,C
DPB1*05:01:02,WD
DPB1*135:01,C
DPB1*05:01:03,
DPB1*05:01:06,
DPB1*05:CODE,N/A
DPB1*06:01 total,C
DPB1*06:01,C
DPB1*06:01:01G total,C
DPB1*06:01:01G,C
DPB1*06:01:01,C
DPB1*06:01:02,
DPB1*06:CODE,N/A
DPB1*08:01,WD
DPB1*08:CODE,N/A
DPB1*09:01 total,C
DPB1*09:01,C
DPB1*09:01:01,C
DPB1*09:01:02,C
DPB1*09:01:03,WD
DPB1*09:01:04,
DPB1*09:CODE,N/A
DPB1*10:01 total,C
DPB1*10:01,C
DPB1*10:01P,
DPB1*10:01:01G total,C
DPB1*10:01:01G,C
DPB1*10:01:01,C
DPB1*10:01:01:01,WD
DPB1*10:01:03,
DPB1*10:CODE,N/A
DPB1*11:01 total,C
DPB1*11:01,C
DPB1*11:01P,
DPB1*11:01:01G total,C
DPB1*11:01:01G,C
DPB1*11:01:01,C
DPB1*11:01:02,C
DPB1*11:01:03,WD
DPB1*11:01:04,
DPB1*11:CODE,N/A
DPB1*13:01 total,C
DPB1*13:01,I
DPB1*13:01P,WD
DPB1*13:01:01G total,C
DPB1*13:01:01G,C
DPB1*13:01:01,I
DPB1*107:01,
DPB1*133:01,C
DPB1*519:01,
DPB1*13:01:02,I
DPB1*13:CODE,N/A
DPB1*14:01 total,C
DPB1*14:01,C
DPB1*14:01P,WD
DPB1*14:01:01G total,C
DPB1*14:01:01G,C
DPB1*14:01:01,C
DPB1*14:01:01:01,
DPB1*498:01,I
DPB1*572:01,WD
DPB1*651:01,WD
DPB1*14:01:02,
DPB1*14:01:03,
DPB1*14:CODE,N/A
DPB1*15:01 total,C
DPB1*15:01,C
DPB1*15:01P,
DPB1*15:01:01G total,C
DPB1*15:01:01G,C
DPB1*15:01:01,C
DPB1*585:01,WD
DPB1*15:01:02,
DPB1*15:CODE,N/A
DPB1*16:01 total,C
DPB1*16:01,C
DPB1*16:01:01G total,C
DPB1*16:01:01G,C
DPB1*16:01:01,C
DPB1*16:01:02,WD
DPB1*16:CODE,N/A
DPB1*17:01 total,C
DPB1*17:01:01G total,C
DPB1*17:01,C
DPB1*17:01P,WD
DPB1*17:01:01G,C
DPB1*17:01:01,C
DPB1*17:01:01:01,WD
DPB1*131:01,C
DPB1*460:01,WD
DPB1*17:CODE,N/A
DPB1*18:01,C
DPB1*18:CODE,N/A
DPB1*19:01 total,C
DPB1*19:01:01G total,C
DPB1*19:01,C
DPB1*19:01P,
DPB1*19:01:01G,C
DPB1*106:01,C
DPB1*533:01,
DPB1*535:01,I
DPB1*19:CODE,N/A
DPB1*20:01 total,C
DPB1*20:01,C
DPB1*20:01P,
DPB1*20:01:01G total,C
DPB1*20:01:01G,
DPB1*20:01:01,C
DPB1*20:CODE,N/A
DPB1*21:01,C
DPB1*21:CODE,N/A
DPB1*22:01,I
DPB1*23:01 total,C
DPB1*23:01,C
DPB1*23:01:01G total,C
DPB1*23:01:01G,C
DPB1*23:01:01,C
DPB1*138:01,C
DPB1*23:01:02,WD
DPB1*23:CODE,N/A
DPB1*24:01,I
DPB1*25:01,I
DPB1*25:CODE,N/A
DPB1*26:01 total,C
DPB1*26:01,C
DPB1*26:01P,
DPB1*26:01:02,C
DPB1*26:CODE,N/A
DPB1*27:01,C
DPB1*27:CODE,N/A
DPB1*28:01 total,C
DPB1*28:01:01G total,C
DPB1*28:01,C
DPB1*28:01:01G,C
DPB1*296:01,C
DPB1*29:01,C
DPB1*30:01 total,C
DPB1*30:01:01G total,C
DPB1*30:01,C
DPB1*30:01:01G,
DPB1*30:CODE,N/A
DPB1*31:01,C
DPB1*33:01 total,I
DPB1*33:01:01G total,I
DPB1*33:01,I
DPB1*33:01:01G,I
DPB1*33:01:01,
DPB1*33:CODE,N/A
DPB1*34:01 total,C
DPB1*34:01:01G total,C
DPB1*34:01,C
DPB1*34:01:01G,WD
DPB1*34:CODE,N/A
DPB1*35:01 total,C
DPB1*35:01,I
DPB1*35:01:01,C
DPB1*35:CODE,N/A
DPB1*36:01,C
DPB1*37:01,C
DPB1*37:CODE,N/A
DPB1*38:01,C
DPB1*38:CODE,N/A
DPB1*39:01 total,C
DPB1*39:01:01G total,C
DPB1*39:01,C
DPB1*39:01:01G,C
DPB1*584:01,C
DPB1*39:CODE,N/A
DPB1*40:01 total,C
DPB1*40:01:01G total,C
DPB1*40:01,C
DPB1*40:CODE,N/A
DPB1*41:01 total,C
DPB1*41:01,I
DPB1*41:01:01G total,C
DPB1*41:01:01G,
DPB1*41:01:01,C
DPB1*41:CODE,N/A
DPB1*45:01,C
DPB1*45:CODE,N/A
DPB1*46:01 total,C
DPB1*46:01,C
DPB1*46:01:01,C
DPB1*46:CODE,N/A
DPB1*47:01 total,C
DPB1*47:01:01G total,C
DPB1*47:01,C
DPB1*47:01:01G,WD
DPB1*47:01:01,WD
DPB1*47:CODE,N/A
DPB1*48:01,C
DPB1*48:CODE,N/A
DPB1*49:01 total,C
DPB1*49:01:01G total,C
DPB1*49:01,C
DPB1*49:01:01G,WD
DPB1*49:01:01,I
DPB1*49:CODE,N/A
DPB1*50:01,C
DPB1*50:CODE,N/A
DPB1*51:01,C
DPB1*51:CODE,N/A
DPB1*52:01,I
DPB1*52:CODE,N/A
DPB1*53:01,C
DPB1*54:01,WD
DPB1*55:01 total,C
DPB1*55:01:01G total,C
DPB1*55:01,C
DPB1*55:01:01G,WD
DPB1*55:01:01,WD
DPB1*55:CODE,N/A
DPB1*56:01,WD
DPB1*57:01 total,I
DPB1*57:01:01G total,I
DPB1*57:01,I
DPB1*57:01:01G,WD
DPB1*58:CODE,N/A
DPB1*59:01,C
DPB1*59:CODE,N/A
DPB1*60:01,WD
DPB1*61:01N,C
DPB1*62:01,
DPB1*63:01,C
DPB1*63:CODE,N/A
DPB1*64:01N,I
DPB1*65:01 total,WD
DPB1*65:01,WD
DPB1*65:01:01,
DPB1*65:CODE,N/A
DPB1*66:01,WD
DPB1*67:01,C
DPB1*68:01,WD
DPB1*68:CODE,N/A
DPB1*69:01 total,WD
DPB1*69:01:01G total,WD
DPB1*69:01,WD
DPB1*70:01,I
DPB1*71:01 total,C
DPB1*71:01,C
DPB1*71:01:01,I
DPB1*71:CODE,N/A
DPB1*72:01 total,I
DPB1*72:01:01G total,I
DPB1*72:01,I
DPB1*72:01:01G,WD
DPB1*72:CODE,N/A
DPB1*73:01,
DPB1*74:01,WD
DPB1*74:CODE,N/A
DPB1*75:01,WD
DPB1*76:01,WD
DPB1*76:CODE,N/A
DPB1*77:01,WD
DPB1*78:01,I
DPB1*79:01,I
DPB1*80:01,C
DPB1*80:CODE,N/A
DPB1*81:01 total,C
DPB1*81:01:01G total,C
DPB1*81:01,C
DPB1*81:01:01G,I
DPB1*81:01:01,WD
DPB1*82:01,I
DPB1*82:CODE,N/A
DPB1*83:01,I
DPB1*85:01 total,C
DPB1*85:01,C
DPB1*85:01:01G total,C
DPB1*85:01:01G,C
DPB1*85:01:01,C
DPB1*85:CODE,N/A
DPB1*86:01,WD
DPB1*87:01,WD
DPB1*88:01,C
DPB1*88:CODE,N/A
DPB1*89:01,WD
DPB1*90:01 total,WD
DPB1*90:01,WD
DPB1*90:01:01,WD
DPB1*91:01 total,C
DPB1*91:01:01G total,C
DPB1*91:01,C
DPB1*91:01:01G,C
DPB1*91:01:01,WD
DPB1*92:01,I
DPB1*93:01,C
DPB1*94:01,
DPB1*95:01,WD
DPB1*96:01,WD
DPB1*98:01,WD
DPB1*99:01,I
DPB1*99:CODE,N/A
DPB1*100:01,I
DPB1*102:01,WD
DPB1*102:CODE,N/A
DPB1*103:01,WD
DPB1*104:CODE,N/A
DPB1*105:CODE,N/A
DPB1*106:CODE,N/A
DPB1*108:01,I
DPB1*109:01,I
DPB1*109:CODE,N/A
DPB1*110:01,WD
DPB1*110:CODE,N/A
DPB1*112:01,WD
DPB1*113:01,I
DPB1*115:01,I
DPB1*116:01,WD
DPB1*117:01,
DPB1*119:01,
DPB1*120:01N,WD
DPB1*121:01,WD
DPB1*122:01,WD
DPB1*122:CODE,N/A
DPB1*123:01,WD
DPB1*124:CODE,N/A
DPB1*125:01,I
DPB1*127:01,I
DPB1*128:01,I
DPB1*128:CODE,N/A
DPB1*129:01,WD
DPB1*129:CODE,N/A
DPB1*130:01,I
DPB1*130:CODE,N/A
DPB1*131:CODE,N/A
DPB1*132:01,I
DPB1*134:01,WD
DPB1*136:01,C
DPB1*137:01,WD
DPB1*137:CODE,N/A
DPB1*138:CODE,N/A
DPB1*139:01,I
DPB1*140:01,
DPB1*142:01,WD
DPB1*143:01,WD
DPB1*144:01,WD
DPB1*145:01,I
DPB1*146:01,WD
DPB1*147:01,WD
DPB1*149:01,I
DPB1*150:01,C
DPB1*150:CODE,N/A
DPB1*151:01,WD
DPB1*152:01,WD
DPB1*152:CODE,N/A
DPB1*153:01,I
DPB1*154:01N,WD
DPB1*155:01 total,WD
DPB1*155:01,WD
DPB1*155:01:01,WD
DPB1*155:01:02,WD
DPB1*156:01,I
DPB1*157:01,WD
DPB1*158:01,WD
DPB1*159:01N,
DPB1*160:01,
DPB1*161:01N,WD
DPB1*163:01,WD
DPB1*164:01,WD
DPB1*164:CODE,N/A
DPB1*165:01,WD
DPB1*166:01,I
DPB1*167:01,
DPB1*170:01,WD
DPB1*171:CODE,N/A
DPB1*172:01,WD
DPB1*173:01,I
DPB1*174:01,
DPB1*175:01,
DPB1*176:01,
DPB1*177:01,WD
DPB1*178:01,WD
DPB1*178:CODE,N/A
DPB1*179:01,WD
DPB1*180:01,
DPB1*181:01,WD
DPB1*182:01,WD
DPB1*183:01,
DPB1*184:01,I
DPB1*184:CODE,N/A
DPB1*185:01,I
DPB1*186:01,WD
DPB1*187:01,WD
DPB1*188:01,WD
DPB1*189:01,WD
DPB1*190:01,I
DPB1*191:01,I
DPB1*192:01,I
DPB1*193:01,
DPB1*194:01,
DPB1*195:01,
DPB1*195:CODE,N/A
DPB1*196:01,
DPB1*198:01,
DPB1*198:CODE,N/A
DPB1*199:01,WD
DPB1*200:01,WD
DPB1*200:CODE,N/A
DPB1*201:01,WD
DPB1*201:CODE,N/A
DPB1*203:01 total,I
DPB1*203:01,I
DPB1*205:01,
DPB1*206:01,WD
DPB1*207:01,WD
DPB1*208:01,WD
DPB1*209:01,WD
DPB1*210:01,I
DPB1*211:01,WD
DPB1*212:01,WD
DPB1*214:01,WD
DPB1*215:01,I
DPB1*216:01N,
DPB1*217:01,
DPB1*217:CODE,N/A
DPB1*218:01N,WD
DPB1*220:01,WD
DPB1*221:01,WD
DPB1*222:01,I
DPB1*224:01,WD
DPB1*225:01,WD
DPB1*227:01,WD
DPB1*227:CODE,N/A
DPB1*228:01,WD
DPB1*229:01,
DPB1*230:01,
DPB1*231:01,
DPB1*233:01,WD
DPB1*234:01,
DPB1*235:01,WD
DPB1*236:01 total,WD
DPB1*236:01,WD
DPB1*236:01:01,WD
DPB1*236:01:02,WD
DPB1*237:01,
DPB1*238:01,I
DPB1*239:01,
DPB1*240:01,I
DPB1*241:01,
DPB1*242:01,I
DPB1*244:01,WD
DPB1*245:01,WD
DPB1*246:01,WD
DPB1*247:01,
DPB1*248:01,
DPB1*249:01,WD
DPB1*250:01,
DPB1*253:01,
DPB1*254:01,
DPB1*256:01,WD
DPB1*257:01,WD
DPB1*258:01,WD
DPB1*259:01,WD
DPB1*260:01,WD
DPB1*261:01,
DPB1*262:01,
DPB1*263:01,
DPB1*264:01,WD
DPB1*265:01,WD
DPB1*266:01,WD
DPB1*269:01,I
DPB1*270:01,WD
DPB1*271:01,I
DPB1*272:01,
DPB1*274:01,WD
DPB1*276:01,
DPB1*277:01,WD
DPB1*278:01,
DPB1*279:01 total,
DPB1*279:01,
DPB1*280:01,
DPB1*281:01,C
DPB1*282:01,WD
DPB1*283:01,WD
DPB1*284:01,WD
DPB1*285:01,WD
DPB1*287:01,
DPB1*288:01,WD
DPB1*289:01,
DPB1*290:01,WD
DPB1*291:01,WD
DPB1*292:01,
DPB1*294:01,WD
DPB1*295:01,WD
DPB1*295:CODE,N/A
DPB1*299:01,
DPB1*300:01,I
DPB1*301:01,WD
DPB1*303:01,WD
DPB1*304:01,
DPB1*305:01,WD
DPB1*306:01,
DPB1*307:01,
DPB1*308:01,
DPB1*309:01,WD
DPB1*310:01,
DPB1*311:01,
DPB1*312:01,WD
DPB1*313:01,WD
DPB1*314:01,WD
DPB1*315:01,
DPB1*316:01,
DPB1*318:01,WD
DPB1*319:01,WD
DPB1*320:01,WD
DPB1*321:01,WD
DPB1*324:01,
DPB1*325:01,
DPB1*327:01,
DPB1*328:01N,
DPB1*329:01,WD
DPB1*330:01,
DPB1*331:01,
DPB1*333:01,WD
DPB1*334:01,
DPB1*335:01,
DPB1*337:01,
DPB1*338:01,
DPB1*339:01,WD
DPB1*340:01,WD
DPB1*341:01,
DPB1*342:01,
DPB1*343:01,
DPB1*345:01,WD
DPB1*346:01,
DPB1*347:01,
DPB1*348:01 total,WD
DPB1*348:01,
DPB1*348:01:01,WD
DPB1*349:01,
DPB1*350:CODE,N/A
DPB1*354:01 total,
DPB1*354:01,
DPB1*354:01:02,
DPB1*355:01,WD
DPB1*356:01,WD
DPB1*357:01N,WD
DPB1*358:01,WD
DPB1*359:01,
DPB1*360:01,
DPB1*362:01,
DPB1*363:01,WD
DPB1*364:01,
DPB1*365:01,
DPB1*366:01,
DPB1*367:01,
DPB1*368:01,
DPB1*369:01,
DPB1*370:01,WD
DPB1*371:01,
DPB1*372:01,
DPB1*374:01,WD
DPB1*375:01,
DPB1*376:01,
DPB1*377:01,WD
DPB1*380:01,
DPB1*381:01,
DPB1*382:01N,
DPB1*384:01,
DPB1*390:01,
DPB1*391:01,WD
DPB1*392:01,
DPB1*393:01,WD
DPB1*394:01,WD
DPB1*396:01,WD
DPB1*397:01,WD
DPB1*398:01,WD
DPB1*399:01,
DPB1*404:01,
DPB1*408:01,
DPB1*410:01,
DPB1*411:01,
DPB1*412:01,WD
DPB1*413:01,WD
DPB1*418:01,
DPB1*419:01,
DPB1*421:01,
DPB1*422:01,WD
DPB1*423:01 total,
DPB1*423:01,
DPB1*424:01,WD
DPB1*424:CODE,N/A
DPB1*425:01,
DPB1*425:CODE,N/A
DPB1*426:01,
DPB1*427:01,
DPB1*428:01,
DPB1*432:01,
DPB1*433:01,WD
DPB1*434:01,
DPB1*437:01,
DPB1*440:01,
DPB1*441:01,WD
DPB1*442:01,
DPB1*444:01,
DPB1*445:01,I
DPB1*446:01,
DPB1*447:01,
DPB1*448:01,WD
DPB1*451:01,
DPB1*454:01,WD
DPB1*457:01,
DPB1*458:01,
DPB1*462:CODE,N/A
DPB1*465:01,
DPB1*467:01,
DPB1*468:01,
DPB1*469:01,
DPB1*470:01,
DPB1*471:01,
DPB1*474:01,WD
DPB1*475:01,
DPB1*476:01,
DPB1*480:01,
DPB1*482:01,WD
DPB1*483:01,
DPB1*484:01,
DPB1*485:01,
DPB1*486:01,WD
DPB1*487:01,
DPB1*488:01,
DPB1*489:01,
DPB1*490:01,
DPB1*492:01,
DPB1*493:01,
DPB1*495:01,WD
DPB1*499:01,
DPB1*500:01,
DPB1*501:01,WD
DPB1*502:01,
DPB1*503:01,WD
DPB1*504:01,
DPB1*505:01,
DPB1*507:01N,
DPB1*508:01,
DPB1*512:01,
DPB1*514:01,WD
DPB1*517:01,
DPB1*520:01,WD
DPB1*521:01,WD
DPB1*522:01,
DPB1*523:01,
DPB1*525:01,
DPB1*526:01,I
DPB1*530:01,
DPB1*532:01,
DPB1*539:01,
DPB1*540:01,
DPB1*541:01,
DPB1*544:01,
DPB1*550:01,
DPB1*553:01,
DPB1*557:01,
DPB1*558:01,
DPB1*559:01,WD
DPB1*566:01,
DPB1*567:01,
DPB1*568:01,
DPB1*570:01N,WD
DPB1*575:01,
DPB1*576:01,
DPB1*578:01,
DPB1*588:01,
DPB1*604:01,
DPB1*605:01,
DPB1*609:01,
DPB1*614:01,
DPB1*620:01,
DPB1*623:01,
DPB1*631:01,
DPB1*635:01,
DPB1*656:01,
DPB1*679:01,
DPB1*683:01,
DPB1*NEW,N/A
DPB1*Total e,
