HLA-DRB4 Allele Summary a,
Allele,Total
DRB4*01:01 total,WD
DRB4*01:01,
DRB4*01:01:01G total,WD
DRB4*01:01:01G,WD
DRB4*01:01:01,WD
DRB4*01:01:01:01,WD
DRB4*01:03N total,WD
DRB4*01:03N,WD
DRB4*01:03:01,WD
DRB4*01:03:01N,WD
DRB4*01:03:01:02N,WD
DRB4*01:03:02,WD
DRB4*01:06,
DRB4*01:03 total,WD
DRB4*01:03,WD
DRB4*01:03:03,WD
DRB4*01:03:04,WD
DRB4*01:02,WD
DRB4*01:04,WD
DRB4*01:05,WD
DRB4*01:07 total,WD
DRB4*01:07,
DRB4*01:07:01,
DRB4*01:07:02,
DRB4*01:11,
DRB4*01:14,
DRB4*01:16N,WD
DRB4*01:17,WD
DRB4*01:22,
DRB4*01:34,
DRB4*01:36,
DRB4*01:37,
DRB4*01:44,
DRB4*01:CODE d,N/A
DRB4*02:01N,WD
DRB4*03:01N,WD
DRB4*Total e,
